url,numeroOffre,titreOffre,nomEntreprise,aPourvoirLe,communeEmploi,experience,niveauFormation,diplome,nbPostes,datePublication,typecontrat,province,latitude,longitude,urlgooglemap
https://emploi.gouv.nc/offres/2020-07-005360,2020-07-005360,"""Surveillant / Surveillante en milieu scolaire""","""CAISSE DES ECOLES DE LIFOU""",2020/07/28,"""Lifou""","""Moins d'1 an""","""CAP, BEP""","""BAFA""",1,2020/07/28,"""CDD""",Îles Loyauté,-20.9327968,167.1657726,"https://www.google.fr/maps/place/Lifou/@-20.9324988,167.0952269,11z/data=!3m1!4b1!4m5!3m4!1s0x6e839e59fbbd5163:0x7c7186d04e917fa4!8m2!3d-21.0384968!4d167.2405153"
https://emploi.gouv.nc/offres/2020-07-005359,2020-07-005359,"""Responsable de division informatique""",""" Easy Skill""",2020/07/28,"""Koné""","""Au moins 10 ans""","""Bac + 5 et plus ""","""""",1,2020/07/28,"""CDD""",Nord,-21.0608439,164.8619054,"https://www.google.fr/maps/place/Kon%C3%A9,+Nouvelle-Cal%C3%A9donie/@-21.0445689,164.8399768,12z/data=!3m1!4b1!4m5!3m4!1s0x6e9e838fcf95ebd1:0x5990ed95a1c09c2d!8m2!3d-21.0536186!4d164.8974925"
https://emploi.gouv.nc/offres/2020-07-005358,2020-07-005358,"""Electricien / Electricienne de maintenance en équipements industriels""",""" Easy Skill""",2020/07/28,"""Yaté""","""Au moins 10 ans""","""""","""""",1,2020/07/28,"""CDI""",Sud,-22.1593698,166.9442699,"https://www.google.fr/maps/place/Yat%C3%A9,+Nouvelle-Cal%C3%A9donie/@-22.1081683,166.6130656,11z/data=!3m1!4b1!4m5!3m4!1s0x6e82a8572601f66b:0xf4eccf212d959a83!8m2!3d-22.1254459!4d166.7798172"
https://emploi.gouv.nc/offres/2020-07-005357,2020-07-005357,"""Chef soudeur / soudeuse""",""" Easy Skill""",2020/07/28,"""Yaté""","""Au moins 5 ans""","""Bac + 5 et plus ""","""""",1,2020/07/28,"""CDI""",Sud,-22.1593698,166.9442699,"https://www.google.fr/maps/place/Yat%C3%A9,+Nouvelle-Cal%C3%A9donie/@-22.1081683,166.6130656,11z/data=!3m1!4b1!4m5!3m4!1s0x6e82a8572601f66b:0xf4eccf212d959a83!8m2!3d-22.1254459!4d166.7798172"
https://emploi.gouv.nc/offres/2020-07-005356,2020-07-005356,"""Opérateur / Opératrice de centre d'usinage""",""" Easy Skill""",2020/07/28,"""Yaté""","""Au moins 5 ans""","""Bac +2""","""""",1,2020/07/28,"""CDI""",Sud,-22.1593698,166.9442699,"https://www.google.fr/maps/place/Yat%C3%A9,+Nouvelle-Cal%C3%A9donie/@-22.1081683,166.6130656,11z/data=!3m1!4b1!4m5!3m4!1s0x6e82a8572601f66b:0xf4eccf212d959a83!8m2!3d-22.1254459!4d166.7798172"
https://emploi.gouv.nc/offres/2020-07-005355,2020-07-005355,"""Inspecteur / Inspectrice de contrôle de conformité""",""" Easy Skill""",2020/07/28,"""Koné""","""Au moins 5 ans""","""Bac + 5 et plus ""","""""",1,2020/07/28,"""CDI""",Nord,-21.0608439,164.8619054,"https://www.google.fr/maps/place/Kon%C3%A9,+Nouvelle-Cal%C3%A9donie/@-21.0445689,164.8399768,12z/data=!3m1!4b1!4m5!3m4!1s0x6e9e838fcf95ebd1:0x5990ed95a1c09c2d!8m2!3d-21.0536186!4d164.8974925"
https://emploi.gouv.nc/offres/2020-07-005354,2020-07-005354,"""Responsable contrôle qualité en industrie""",""" Easy Skill""",2020/07/28,"""Koné""","""Au moins 5 ans""","""Bac + 5 et plus ""","""""",1,2020/07/28,"""CDI""",Nord,-21.0608439,164.8619054,"https://www.google.fr/maps/place/Kon%C3%A9,+Nouvelle-Cal%C3%A9donie/@-21.0445689,164.8399768,12z/data=!3m1!4b1!4m5!3m4!1s0x6e9e838fcf95ebd1:0x5990ed95a1c09c2d!8m2!3d-21.0536186!4d164.8974925"
https://emploi.gouv.nc/offres/2020-07-005353,2020-07-005353,"""Juriste""","""ADAVI""",2020/10/01,"""Nouméa""","""Au moins 3 ans""","""Bac + 5 et plus ""","""Maitrise de droit (MASTER I) """,1,2020/07/28,"""CDI-TP""",Sud,-22.2745264,166.442419,"https://www.google.fr/maps/place/Noum%C3%A9a,+Nouvelle-Cal%C3%A9donie/@-22.2642742,166.4098474,13z/data=!3m1!4b1!4m5!3m4!1s0x6c27e2693f1a32cb:0x7bf1b22af312dd00!8m2!3d-22.2734912!4d166.4480887"
https://emploi.gouv.nc/offres/2020-07-005352,2020-07-005352,"""Directeur / Directrice d'établissement privé de santé""",""" Easy Skill""",2020/07/28,"""Nouméa""","""Au moins 10 ans""","""Bac + 5 et plus ""","""""",1,2020/07/28,"""CDI""",Sud,-22.2745264,166.442419,"https://www.google.fr/maps/place/Noum%C3%A9a,+Nouvelle-Cal%C3%A9donie/@-22.2642742,166.4098474,13z/data=!3m1!4b1!4m5!3m4!1s0x6c27e2693f1a32cb:0x7bf1b22af312dd00!8m2!3d-22.2734912!4d166.4480887"
https://emploi.gouv.nc/offres/2020-07-005351,2020-07-005351,"""Acheteur industriel / Acheteuse industrielle""",""" Easy Skill""",2020/07/28,"""Koné""","""Au moins 5 ans""","""Bac + 5 et plus ""","""""",1,2020/07/28,"""CDI""",Nord,-21.0608439,164.8619054,"https://www.google.fr/maps/place/Kon%C3%A9,+Nouvelle-Cal%C3%A9donie/@-21.0445689,164.8399768,12z/data=!3m1!4b1!4m5!3m4!1s0x6e9e838fcf95ebd1:0x5990ed95a1c09c2d!8m2!3d-21.0536186!4d164.8974925"
https://emploi.gouv.nc/offres/2020-07-005350,2020-07-005350,"""Chef comptable""",""" Easy Skill""",2020/07/28,"""Nouméa""","""Au moins 10 ans""","""Bac + 5 et plus ""","""""",1,2020/07/28,"""CDI""",Sud,-22.2745264,166.442419,"https://www.google.fr/maps/place/Noum%C3%A9a,+Nouvelle-Cal%C3%A9donie/@-22.2642742,166.4098474,13z/data=!3m1!4b1!4m5!3m4!1s0x6c27e2693f1a32cb:0x7bf1b22af312dd00!8m2!3d-22.2734912!4d166.4480887"
https://emploi.gouv.nc/offres/2020-07-005349,2020-07-005349,"""Technicien / Technicienne d'atelier et de méthodes en industrie""",""" Easy Skill""",2020/07/28,"""Yaté""","""Au moins 10 ans""","""Bac +2""","""""",1,2020/07/28,"""CDI""",Sud,-22.1593698,166.9442699,"https://www.google.fr/maps/place/Yat%C3%A9,+Nouvelle-Cal%C3%A9donie/@-22.1081683,166.6130656,11z/data=!3m1!4b1!4m5!3m4!1s0x6e82a8572601f66b:0xf4eccf212d959a83!8m2!3d-22.1254459!4d166.7798172"
https://emploi.gouv.nc/offres/2020-07-005348,2020-07-005348,"""Acheteur industriel / Acheteuse industrielle""",""" Easy Skill""",2020/07/28,"""Koné""","""Au moins 10 ans""","""Bac + 3, bac + 4""","""""",1,2020/07/28,"""CDD""",Nord,-21.0608439,164.8619054,"https://www.google.fr/maps/place/Kon%C3%A9,+Nouvelle-Cal%C3%A9donie/@-21.0445689,164.8399768,12z/data=!3m1!4b1!4m5!3m4!1s0x6e9e838fcf95ebd1:0x5990ed95a1c09c2d!8m2!3d-21.0536186!4d164.8974925"
https://emploi.gouv.nc/offres/2020-07-005347,2020-07-005347,"""Ordonnanceur-approvisionneur / Ordonnanceuse-approvisionneuse""",""" Easy Skill""",2020/07/28,"""Yaté""","""Au moins 5 ans""","""Bac +2""","""""",2,2020/07/28,"""CDD""",Sud,-22.1593698,166.9442699,"https://www.google.fr/maps/place/Yat%C3%A9,+Nouvelle-Cal%C3%A9donie/@-22.1081683,166.6130656,11z/data=!3m1!4b1!4m5!3m4!1s0x6e82a8572601f66b:0xf4eccf212d959a83!8m2!3d-22.1254459!4d166.7798172"
https://emploi.gouv.nc/offres/2020-07-005346,2020-07-005346,"""Formateur / Formatrice d'adultes""","""GIEP-NC""",2020/07/28,"""Nouméa""","""Au moins 5 ans""","""Bac +2""","""BTS maintenance engins Tp ou équivalent""",1,2020/07/28,"""CDD""",Sud,-22.2745264,166.442419,"https://www.google.fr/maps/place/Noum%C3%A9a,+Nouvelle-Cal%C3%A9donie/@-22.2642742,166.4098474,13z/data=!3m1!4b1!4m5!3m4!1s0x6c27e2693f1a32cb:0x7bf1b22af312dd00!8m2!3d-22.2734912!4d166.4480887"
https://emploi.gouv.nc/offres/2020-07-005345,2020-07-005345,"""Chauffeur / Chauffeuse de poids lourd""","""ENTREPRISE FOUCHER MATHIEU""",2020/07/28,"""Boulouparis""","""Au moins 1 an""","""""","""""",1,2020/07/28,"""CDD évolutif""",Sud,-21.8629851,166.0509591,"https://www.google.fr/maps/place/Bouloupari,+Nouvelle-Cal%C3%A9donie/@-21.8606019,166.0449599,15z/data=!3m1!4b1!4m5!3m4!1s0x6e9d67bbd32dc5a7:0xedc90366550f2ac8!8m2!3d-21.8603599!4d166.0565965"
https://emploi.gouv.nc/offres/2020-07-005344,2020-07-005344,"""Ouvrier polyvalent / Ouvrière polyvalente d'entretien des bâtiments""","""SARL BCP """,2020/08/01,"""Nouméa""","""Au moins 5 ans""","""Aucune formation scolaire""","""""",1,2020/07/28,"""CDIC""",Sud,-22.2745264,166.442419,"https://www.google.fr/maps/place/Noum%C3%A9a,+Nouvelle-Cal%C3%A9donie/@-22.2642742,166.4098474,13z/data=!3m1!4b1!4m5!3m4!1s0x6c27e2693f1a32cb:0x7bf1b22af312dd00!8m2!3d-22.2734912!4d166.4480887"
https://emploi.gouv.nc/offres/2020-07-005341,2020-07-005341,"""Boucher / Bouchère""","""Anonyme""",2020/07/28,"""Dumbéa""","""Au moins 1 an""","""CAP, BEP""","""Boucher""",1,2020/07/28,"""CDI""",Sud,-22.1676665,166.4580117,"https://www.google.fr/maps/place/Pa%C3%AFta,+Nouvelle-Cal%C3%A9donie/@-22.1317566,166.3477315,15z/data=!3m1!4b1!4m5!3m4!1s0x6c27f9584bb1dc5d:0xfe7856155b8c5d6b!8m2!3d-22.1311922!4d166.3579401"
https://emploi.gouv.nc/offres/2020-07-005340,2020-07-005340,"""Responsable d'exploitation""","""Jardins des Iles SARL""",2020/07/27,"""Dumbéa""","""Au moins 5 ans""","""Bac +2""","""""",1,2020/07/27,"""CDI""",Sud,-22.1676665,166.4580117,"https://www.google.fr/maps/place/Pa%C3%AFta,+Nouvelle-Cal%C3%A9donie/@-22.1317566,166.3477315,15z/data=!3m1!4b1!4m5!3m4!1s0x6c27f9584bb1dc5d:0xfe7856155b8c5d6b!8m2!3d-22.1311922!4d166.3579401"
https://emploi.gouv.nc/offres/2020-07-005339,2020-07-005339,"""Ouvrier agricole polyvalent / Ouvrière agricole polyvalente""","""Anonyme""",2020/08/03,"""Poya""","""Moins d'1 an""","""""","""""",1,2020/07/27,"""CDD""",,,,
https://emploi.gouv.nc/offres/2020-07-005338,2020-07-005338,"""Responsable des achats""",""" Société Technique d'Importation Calédonienne""",2020/07/27,"""Nouméa""","""Au moins 10 ans""","""Bac + 3, bac + 4""","""""",1,2020/07/27,"""CDI""",Sud,-22.2745264,166.442419,"https://www.google.fr/maps/place/Noum%C3%A9a,+Nouvelle-Cal%C3%A9donie/@-22.2642742,166.4098474,13z/data=!3m1!4b1!4m5!3m4!1s0x6c27e2693f1a32cb:0x7bf1b22af312dd00!8m2!3d-22.2734912!4d166.4480887"
https://emploi.gouv.nc/offres/2020-07-005337,2020-07-005337,"""Chef mécanicien / mécanicienne marine""","""BETICO""",2020/09/07,"""Nouméa""","""Au moins 5 ans""","""Bac + 3, bac + 4""","""Chef illimité""",1,2020/07/27,"""CDD""",Sud,-22.2745264,166.442419,"https://www.google.fr/maps/place/Noum%C3%A9a,+Nouvelle-Cal%C3%A9donie/@-22.2642742,166.4098474,13z/data=!3m1!4b1!4m5!3m4!1s0x6c27e2693f1a32cb:0x7bf1b22af312dd00!8m2!3d-22.2734912!4d166.4480887"
https://emploi.gouv.nc/offres/2020-07-005336,2020-07-005336,"""Serveur / Serveuse de restaurant""","""Anonyme""",2020/08/20,"""Dumbéa""","""Aucune expérience professionnelle""","""Bac, bac professionnel""","""""",1,2020/07/27,"""CDI-TP""",Sud,-22.1676665,166.4580117,"https://www.google.fr/maps/place/Pa%C3%AFta,+Nouvelle-Cal%C3%A9donie/@-22.1317566,166.3477315,15z/data=!3m1!4b1!4m5!3m4!1s0x6c27f9584bb1dc5d:0xfe7856155b8c5d6b!8m2!3d-22.1311922!4d166.3579401"
https://emploi.gouv.nc/offres/2020-07-005333,2020-07-005333,"""Chef de partie""","""Anonyme""",2020/07/27,"""Nouméa""","""Au moins 3 ans""","""CAP, BEP""","""""",1,2020/07/27,"""CDI""",Sud,-22.2745264,166.442419,"https://www.google.fr/maps/place/Noum%C3%A9a,+Nouvelle-Cal%C3%A9donie/@-22.2642742,166.4098474,13z/data=!3m1!4b1!4m5!3m4!1s0x6c27e2693f1a32cb:0x7bf1b22af312dd00!8m2!3d-22.2734912!4d166.4480887"
https://emploi.gouv.nc/offres/2020-07-005335,2020-07-005335,"""Assistant / Assistante marketing""","""Anonyme""",2020/07/27,"""Païta""","""Au moins 5 ans""","""Bac +2""","""""",1,2020/07/27,"""CDD""",Sud,-22.1311499,166.3678601,"https://www.google.fr/maps/place/Pa%C3%AFta,+Nouvelle-Cal%C3%A9donie/@-22.1317566,166.3477315,15z/data=!3m1!4b1!4m5!3m4!1s0x6c27f9584bb1dc5d:0xfe7856155b8c5d6b!8m2!3d-22.1311922!4d166.3579401"
https://emploi.gouv.nc/offres/2020-07-005334,2020-07-005334,"""Monteur / Monteuse de lignes électriques""","""ENERCAL""",2020/07/27,"""Dumbéa""","""Au moins 1 an""","""Bac, bac professionnel""","""Electrotechnique/EIE""",1,2020/07/27,"""CDI""",Sud,-22.1676665,166.4580117,"https://www.google.fr/maps/place/Pa%C3%AFta,+Nouvelle-Cal%C3%A9donie/@-22.1317566,166.3477315,15z/data=!3m1!4b1!4m5!3m4!1s0x6c27f9584bb1dc5d:0xfe7856155b8c5d6b!8m2!3d-22.1311922!4d166.3579401"
https://emploi.gouv.nc/offres/2020-07-005332,2020-07-005332,"""Animateur / Animatrice d'activités périscolaires""","""""",2020/07/26,"""Voh""","""Au moins 3 ans""","""Bac, bac professionnel""","""BPJEPS LTP""",1,2020/07/27,"""CDI-TP""",Nord,-20.9499628,164.6871864,"https://www.google.fr/maps/place/Voh,+Nouvelle-Cal%C3%A9donie/@-20.9549146,164.6773976,15z/data=!3m1!4b1!4m5!3m4!1s0x6e9e91ff4bf364dd:0x3a878ba88dd1429d!8m2!3d-20.9557855!4d164.6839545"
https://emploi.gouv.nc/offres/2020-07-005331,2020-07-005331,"""Secrétaire médical / médicale""","""Anonyme""",2020/08/01,"""Nouméa""","""Au moins 5 ans""","""Bac +2""","""""",1,2020/07/27,"""CDI""",Sud,-22.2745264,166.442419,"https://www.google.fr/maps/place/Noum%C3%A9a,+Nouvelle-Cal%C3%A9donie/@-22.2642742,166.4098474,13z/data=!3m1!4b1!4m5!3m4!1s0x6c27e2693f1a32cb:0x7bf1b22af312dd00!8m2!3d-22.2734912!4d166.4480887"
https://emploi.gouv.nc/offres/2020-07-005330,2020-07-005330,"""Développeur / Développeuse full-stack""",""" RedStone""",2020/07/24,"""Nouméa""","""Au moins 1 an""","""Bac +2""","""BTS / DUT / Licence / Ecole ingé""",2,2020/07/24,"""CDI""",Sud,-22.2745264,166.442419,"https://www.google.fr/maps/place/Noum%C3%A9a,+Nouvelle-Cal%C3%A9donie/@-22.2642742,166.4098474,13z/data=!3m1!4b1!4m5!3m4!1s0x6c27e2693f1a32cb:0x7bf1b22af312dd00!8m2!3d-22.2734912!4d166.4480887"
https://emploi.gouv.nc/offres/2020-07-005329,2020-07-005329,"""Serveur / Serveuse de salon de thé""","""Anonyme""",2020/07/24,"""Nouméa""","""Au moins 3 ans""","""Aucune formation scolaire""","""""",1,2020/07/24,"""CDI""",Sud,-22.2745264,166.442419,"https://www.google.fr/maps/place/Noum%C3%A9a,+Nouvelle-Cal%C3%A9donie/@-22.2642742,166.4098474,13z/data=!3m1!4b1!4m5!3m4!1s0x6c27e2693f1a32cb:0x7bf1b22af312dd00!8m2!3d-22.2734912!4d166.4480887"
https://emploi.gouv.nc/offres/2020-07-005328,2020-07-005328,"""Vendeur / Vendeuse grossiste en équipement du foyer""","""Anonyme""",2020/07/24,"""Nouméa""","""Au moins 1 an""","""Bac +2""","""Commerce""",1,2020/07/24,"""CDD-TP évolutif""",Sud,-22.2745264,166.442419,"https://www.google.fr/maps/place/Noum%C3%A9a,+Nouvelle-Cal%C3%A9donie/@-22.2642742,166.4098474,13z/data=!3m1!4b1!4m5!3m4!1s0x6c27e2693f1a32cb:0x7bf1b22af312dd00!8m2!3d-22.2734912!4d166.4480887"
https://emploi.gouv.nc/offres/2020-07-005327,2020-07-005327,"""Adjoint / Adjointe du directeur / de la directrice en hôtellerie-restauration""","""Anonyme""",2020/07/24,"""Nouméa""","""Au moins 5 ans""","""Bac +2""","""Tourisme et Ressources Humaines""",1,2020/07/24,"""CDD évolutif""",Sud,-22.2745264,166.442419,"https://www.google.fr/maps/place/Noum%C3%A9a,+Nouvelle-Cal%C3%A9donie/@-22.2642742,166.4098474,13z/data=!3m1!4b1!4m5!3m4!1s0x6c27e2693f1a32cb:0x7bf1b22af312dd00!8m2!3d-22.2734912!4d166.4480887"
https://emploi.gouv.nc/offres/2020-07-005326,2020-07-005326,"""Employé polyvalent / Employée polyvalente de restauration""","""Case a Pizza Moselle""",2020/07/24,"""Nouméa""","""Aucune expérience professionnelle""","""CAP, BEP""","""""",1,2020/07/24,"""CDD évolutif""",Sud,-22.2745264,166.442419,"https://www.google.fr/maps/place/Noum%C3%A9a,+Nouvelle-Cal%C3%A9donie/@-22.2642742,166.4098474,13z/data=!3m1!4b1!4m5!3m4!1s0x6c27e2693f1a32cb:0x7bf1b22af312dd00!8m2!3d-22.2734912!4d166.4480887"
https://emploi.gouv.nc/offres/2020-07-005325,2020-07-005325,"""Employé polyvalent / Employée polyvalente de restauration""","""Anonyme""",2020/07/24,"""Nouméa""","""Moins d'1 an""","""Bac +2""","""""",1,2020/07/24,"""CDI""",Sud,-22.2745264,166.442419,"https://www.google.fr/maps/place/Noum%C3%A9a,+Nouvelle-Cal%C3%A9donie/@-22.2642742,166.4098474,13z/data=!3m1!4b1!4m5!3m4!1s0x6c27e2693f1a32cb:0x7bf1b22af312dd00!8m2!3d-22.2734912!4d166.4480887"
https://emploi.gouv.nc/offres/2020-07-005324,2020-07-005324,"""Employé polyvalent / Employée polyvalente de restauration""","""Anonyme""",2020/07/24,"""Nouméa""","""Au moins 1 an""","""CAP, BEP""","""""",1,2020/07/24,"""CDI""",Sud,-22.2745264,166.442419,"https://www.google.fr/maps/place/Noum%C3%A9a,+Nouvelle-Cal%C3%A9donie/@-22.2642742,166.4098474,13z/data=!3m1!4b1!4m5!3m4!1s0x6c27e2693f1a32cb:0x7bf1b22af312dd00!8m2!3d-22.2734912!4d166.4480887"
https://emploi.gouv.nc/offres/2020-07-005322,2020-07-005322,"""Agent / Agente d'opérations de location de véhicules""","""SARL WAIKUR LOCATION""",2020/07/24,"""Maré""","""Au moins 3 ans""","""Bac, bac professionnel""","""""",1,2020/07/24,"""CDI""",Îles Loyauté,-21.5041329,167.9842403,"https://www.google.fr/maps/place/Mar%C3%A9/@-21.5025026,167.8349512,11z/data=!3m1!4b1!4m5!3m4!1s0x6e818127e6ca5427:0x8991d30c9775e675!8m2!3d-21.4930985!4d167.9967043"
https://emploi.gouv.nc/offres/2020-07-005321,2020-07-005321,"""Aide-comptable facturier / facturière""","""Anonyme""",2020/07/24,"""Maré""","""Au moins 5 ans""","""Bac, bac professionnel""","""""",1,2020/07/24,"""CDI""",Îles Loyauté,-21.5041329,167.9842403,"https://www.google.fr/maps/place/Mar%C3%A9/@-21.5025026,167.8349512,11z/data=!3m1!4b1!4m5!3m4!1s0x6e818127e6ca5427:0x8991d30c9775e675!8m2!3d-21.4930985!4d167.9967043"
https://emploi.gouv.nc/offres/2020-07-005320,2020-07-005320,"""Manoeuvre de chantier""","""Anonyme""",2020/07/23,"""Dumbéa""","""Moins d'1 an""","""CAP, BEP""","""""",1,2020/07/24,"""CDIC""",Sud,-22.1676665,166.4580117,"https://www.google.fr/maps/place/Pa%C3%AFta,+Nouvelle-Cal%C3%A9donie/@-22.1317566,166.3477315,15z/data=!3m1!4b1!4m5!3m4!1s0x6c27f9584bb1dc5d:0xfe7856155b8c5d6b!8m2!3d-22.1311922!4d166.3579401"
https://emploi.gouv.nc/offres/2020-07-005323,2020-07-005323,"""Technicien / Technicienne géomètre""","""CABINET DE GÉOMÈTRE NATHALIE GARRIDO SELARL""",2020/07/27,"""Nouméa""","""Au moins 5 ans""","""Bac + 5 et plus ""","""""",1,2020/07/24,"""CDI""",Sud,-22.2745264,166.442419,"https://www.google.fr/maps/place/Noum%C3%A9a,+Nouvelle-Cal%C3%A9donie/@-22.2642742,166.4098474,13z/data=!3m1!4b1!4m5!3m4!1s0x6c27e2693f1a32cb:0x7bf1b22af312dd00!8m2!3d-22.2734912!4d166.4480887"
https://emploi.gouv.nc/offres/2020-07-005318,2020-07-005318,"""Serveur / Serveuse de bar""","""COTE D'ASIE""",2020/07/23,"""Nouméa""","""Aucune expérience professionnelle""","""Aucune formation scolaire""","""""",1,2020/07/23,"""CDD""",Sud,-22.2745264,166.442419,"https://www.google.fr/maps/place/Noum%C3%A9a,+Nouvelle-Cal%C3%A9donie/@-22.2642742,166.4098474,13z/data=!3m1!4b1!4m5!3m4!1s0x6c27e2693f1a32cb:0x7bf1b22af312dd00!8m2!3d-22.2734912!4d166.4480887"
https://emploi.gouv.nc/offres/2020-07-005316,2020-07-005316,"""Menuisier / Menuisière atelier et pose""","""ÂBORO""",2020/07/23,"""Païta""","""Au moins 3 ans""","""CAP, BEP""","""Menuisier """,1,2020/07/23,"""CDD""",Sud,-22.1311499,166.3678601,"https://www.google.fr/maps/place/Pa%C3%AFta,+Nouvelle-Cal%C3%A9donie/@-22.1317566,166.3477315,15z/data=!3m1!4b1!4m5!3m4!1s0x6c27f9584bb1dc5d:0xfe7856155b8c5d6b!8m2!3d-22.1311922!4d166.3579401"
https://emploi.gouv.nc/offres/2020-07-005315,2020-07-005315,"""Chauffeur-livreur / Chauffeuse-livreuse""","""MAGASIN CHEZ ALICE""",2020/07/23,"""Maré""","""Au moins 3 ans""","""CAP, BEP""","""""",1,2020/07/23,"""CDD évolutif""",Îles Loyauté,-21.5041329,167.9842403,"https://www.google.fr/maps/place/Mar%C3%A9/@-21.5025026,167.8349512,11z/data=!3m1!4b1!4m5!3m4!1s0x6e818127e6ca5427:0x8991d30c9775e675!8m2!3d-21.4930985!4d167.9967043"
https://emploi.gouv.nc/offres/2020-07-005314,2020-07-005314,"""Pharmacien / Pharmacienne""","""PHARMACIE DU MONT-DORE""",2020/09/01,"""Mont Dore ()""","""Au moins 1 an""","""Bac + 5 et plus ""","""pharmacien""",1,2020/07/23,"""CDD-TP""",,,,
https://emploi.gouv.nc/offres/2020-07-005307,2020-07-005307,"""Ouvrier électricien / Ouvrière électricienne de maintenance""","""HLM SARL""",2020/07/23,"""Koné""","""Moins d'1 an""","""CAP, BEP""","""""",1,2020/07/23,"""CDD""",Nord,-21.0608439,164.8619054,"https://www.google.fr/maps/place/Kon%C3%A9,+Nouvelle-Cal%C3%A9donie/@-21.0445689,164.8399768,12z/data=!3m1!4b1!4m5!3m4!1s0x6e9e838fcf95ebd1:0x5990ed95a1c09c2d!8m2!3d-21.0536186!4d164.8974925"
https://emploi.gouv.nc/offres/2020-07-005306,2020-07-005306,"""Attaché commercial / Attachée commerciale grandes et moyennes surfaces de vente (GMS)""","""GOODMANFIELDER NC""",2020/07/23,"""Nouméa""","""Au moins 1 an""","""Bac +2""","""Négociation relation client""",1,2020/07/23,"""CDI""",Sud,-22.2745264,166.442419,"https://www.google.fr/maps/place/Noum%C3%A9a,+Nouvelle-Cal%C3%A9donie/@-22.2642742,166.4098474,13z/data=!3m1!4b1!4m5!3m4!1s0x6c27e2693f1a32cb:0x7bf1b22af312dd00!8m2!3d-22.2734912!4d166.4480887"
https://emploi.gouv.nc/offres/2020-07-005305,2020-07-005305,"""Gestionnaire administratif / administrative ressources humaines""","""GOODMANFIELDER NC""",2020/07/23,"""Mont Dore ()""","""Au moins 3 ans""","""Bac + 3, bac + 4""","""Ressources humaines""",1,2020/07/23,"""CDI""",,,,
https://emploi.gouv.nc/offres/2020-07-005304,2020-07-005304,"""Ingénieur qualiticien / Ingénieure qualiticienne management de la qualité en industrie""","""GOODMANFIELDER NC""",2020/07/23,"""Mont Dore ()""","""Au moins 3 ans""","""Bac + 5 et plus ""","""Ingénieur ou équivalent""",1,2020/07/23,"""CDI""",,,,
https://emploi.gouv.nc/offres/2020-07-005310,2020-07-005310,"""Standardiste""","""OFFICE NOTARIAL de Maître Philippe ROUVRAY""",2020/07/23,"""Dumbéa""","""Au moins 1 an""","""Bac, bac professionnel""","""""",1,2020/07/23,"""CDI""",Sud,-22.1676665,166.4580117,"https://www.google.fr/maps/place/Pa%C3%AFta,+Nouvelle-Cal%C3%A9donie/@-22.1317566,166.3477315,15z/data=!3m1!4b1!4m5!3m4!1s0x6c27f9584bb1dc5d:0xfe7856155b8c5d6b!8m2!3d-22.1311922!4d166.3579401"
https://emploi.gouv.nc/offres/2020-07-005308,2020-07-005308,"""Notaire""","""OFFICE Notarial de Me Philippe ROUVRAY""",2020/07/23,"""Dumbéa""","""Au moins 5 ans""","""Bac + 5 et plus ""","""DAFPN ou DSN""",1,2020/07/23,"""CDI""",Sud,-22.1676665,166.4580117,"https://www.google.fr/maps/place/Pa%C3%AFta,+Nouvelle-Cal%C3%A9donie/@-22.1317566,166.3477315,15z/data=!3m1!4b1!4m5!3m4!1s0x6c27f9584bb1dc5d:0xfe7856155b8c5d6b!8m2!3d-22.1311922!4d166.3579401"
https://emploi.gouv.nc/offres/2020-07-005303,2020-07-005303,"""Esthéticien / Esthéticienne""","""GRAIN DE BEAUTE""",2020/07/22,"""Nouméa""","""Au moins 3 ans""","""CAP, BEP""","""BP""",1,2020/07/22,"""CDI""",Sud,-22.2745264,166.442419,"https://www.google.fr/maps/place/Noum%C3%A9a,+Nouvelle-Cal%C3%A9donie/@-22.2642742,166.4098474,13z/data=!3m1!4b1!4m5!3m4!1s0x6c27e2693f1a32cb:0x7bf1b22af312dd00!8m2!3d-22.2734912!4d166.4480887"
https://emploi.gouv.nc/offres/2020-07-005302,2020-07-005302,"""Chef de projet en géomatique""","""MAGIS""",2020/07/22,"""Nouméa""","""Au moins 3 ans""","""Bac + 5 et plus ""","""""",1,2020/07/22,"""CDD""",Sud,-22.2745264,166.442419,"https://www.google.fr/maps/place/Noum%C3%A9a,+Nouvelle-Cal%C3%A9donie/@-22.2642742,166.4098474,13z/data=!3m1!4b1!4m5!3m4!1s0x6c27e2693f1a32cb:0x7bf1b22af312dd00!8m2!3d-22.2734912!4d166.4480887"
https://emploi.gouv.nc/offres/2020-07-005301,2020-07-005301,"""Employé / Employée de libre-service""","""Anonyme""",2020/07/22,"""Nouméa""","""Au moins 1 an""","""Bac, bac professionnel""","""""",1,2020/07/22,"""CDD-TP évolutif""",Sud,-22.2745264,166.442419,"https://www.google.fr/maps/place/Noum%C3%A9a,+Nouvelle-Cal%C3%A9donie/@-22.2642742,166.4098474,13z/data=!3m1!4b1!4m5!3m4!1s0x6c27e2693f1a32cb:0x7bf1b22af312dd00!8m2!3d-22.2734912!4d166.4480887"
https://emploi.gouv.nc/offres/2020-07-005300,2020-07-005300,"""Employé / Employée de libre-service""","""Anonyme""",2020/07/22,"""Nouméa""","""Au moins 1 an""","""Bac, bac professionnel""","""""",2,2020/07/22,"""CDD-TP évolutif""",Sud,-22.2745264,166.442419,"https://www.google.fr/maps/place/Noum%C3%A9a,+Nouvelle-Cal%C3%A9donie/@-22.2642742,166.4098474,13z/data=!3m1!4b1!4m5!3m4!1s0x6c27e2693f1a32cb:0x7bf1b22af312dd00!8m2!3d-22.2734912!4d166.4480887"
https://emploi.gouv.nc/offres/2020-07-005297,2020-07-005297,"""Directeur / Directrice technique en production""","""ART PECHE""",2020/07/22,"""Nouméa""","""Au moins 5 ans""","""Bac + 5 et plus ""","""master en gestion économique""",1,2020/07/22,"""CDI""",Sud,-22.2745264,166.442419,"https://www.google.fr/maps/place/Noum%C3%A9a,+Nouvelle-Cal%C3%A9donie/@-22.2642742,166.4098474,13z/data=!3m1!4b1!4m5!3m4!1s0x6c27e2693f1a32cb:0x7bf1b22af312dd00!8m2!3d-22.2734912!4d166.4480887"
https://emploi.gouv.nc/offres/2020-07-005295,2020-07-005295,"""Chef pâtissier / pâtissière""","""BOULANGERIE ET PATISSERIE CHANTILLY""",2020/07/22,"""Dumbéa""","""Au moins 5 ans""","""CAP, BEP""","""""",1,2020/07/22,"""CDI""",Sud,-22.1676665,166.4580117,"https://www.google.fr/maps/place/Pa%C3%AFta,+Nouvelle-Cal%C3%A9donie/@-22.1317566,166.3477315,15z/data=!3m1!4b1!4m5!3m4!1s0x6c27f9584bb1dc5d:0xfe7856155b8c5d6b!8m2!3d-22.1311922!4d166.3579401"
https://emploi.gouv.nc/offres/2020-07-005294,2020-07-005294,"""Chauffeur-livreur préparateur / Chauffeuse-livreuse préparatrice de commande""","""Anonyme""",2020/07/22,"""Nouméa""","""Au moins 1 an""","""CAP, BEP""","""""",1,2020/07/22,"""CDD évolutif""",Sud,-22.2745264,166.442419,"https://www.google.fr/maps/place/Noum%C3%A9a,+Nouvelle-Cal%C3%A9donie/@-22.2642742,166.4098474,13z/data=!3m1!4b1!4m5!3m4!1s0x6c27e2693f1a32cb:0x7bf1b22af312dd00!8m2!3d-22.2734912!4d166.4480887"
https://emploi.gouv.nc/offres/2020-07-005293,2020-07-005293,"""Acheteur industriel / Acheteuse industrielle""",""" Easy Skill""",2020/08/17,"""Koné""","""Au moins 10 ans""","""Bac + 5 et plus ""","""""",1,2020/07/21,"""CDI""",Nord,-21.0608439,164.8619054,"https://www.google.fr/maps/place/Kon%C3%A9,+Nouvelle-Cal%C3%A9donie/@-21.0445689,164.8399768,12z/data=!3m1!4b1!4m5!3m4!1s0x6e9e838fcf95ebd1:0x5990ed95a1c09c2d!8m2!3d-21.0536186!4d164.8974925"
https://emploi.gouv.nc/offres/2020-07-005292,2020-07-005292,"""Chef d'équipe électricien""",""" SOCOMETRA""",2020/07/21,"""Nouméa""","""Au moins 5 ans""","""Bac +2""","""""",1,2020/07/21,"""CDI""",Sud,-22.2745264,166.442419,"https://www.google.fr/maps/place/Noum%C3%A9a,+Nouvelle-Cal%C3%A9donie/@-22.2642742,166.4098474,13z/data=!3m1!4b1!4m5!3m4!1s0x6c27e2693f1a32cb:0x7bf1b22af312dd00!8m2!3d-22.2734912!4d166.4480887"
https://emploi.gouv.nc/offres/2020-07-005291,2020-07-005291,"""Chargé / Chargée d'affaires en électricité""",""" SOCOMETRA""",2020/07/21,"""Nouméa""","""Au moins 3 ans""","""Bac + 5 et plus ""","""""",1,2020/07/21,"""CDI""",Sud,-22.2745264,166.442419,"https://www.google.fr/maps/place/Noum%C3%A9a,+Nouvelle-Cal%C3%A9donie/@-22.2642742,166.4098474,13z/data=!3m1!4b1!4m5!3m4!1s0x6c27e2693f1a32cb:0x7bf1b22af312dd00!8m2!3d-22.2734912!4d166.4480887"
https://emploi.gouv.nc/offres/2020-07-005290,2020-07-005290,"""Gestionnaire paie""","""A.C.R.U""",2020/09/01,"""Nouméa""","""Au moins 3 ans""","""Bac +2""","""""",1,2020/07/21,"""CDD""",Sud,-22.2745264,166.442419,"https://www.google.fr/maps/place/Noum%C3%A9a,+Nouvelle-Cal%C3%A9donie/@-22.2642742,166.4098474,13z/data=!3m1!4b1!4m5!3m4!1s0x6c27e2693f1a32cb:0x7bf1b22af312dd00!8m2!3d-22.2734912!4d166.4480887"
https://emploi.gouv.nc/offres/2020-07-005288,2020-07-005288,"""Mécanicien / Mécanicienne automobile""","""NEXUS AUTO NORMANDIE - TECHNAUTO""",2020/07/21,"""Nouméa""","""Au moins 1 an""","""Bac, bac professionnel""","""""",1,2020/07/21,"""CDD évolutif""",Sud,-22.2745264,166.442419,"https://www.google.fr/maps/place/Noum%C3%A9a,+Nouvelle-Cal%C3%A9donie/@-22.2642742,166.4098474,13z/data=!3m1!4b1!4m5!3m4!1s0x6c27e2693f1a32cb:0x7bf1b22af312dd00!8m2!3d-22.2734912!4d166.4480887"
https://emploi.gouv.nc/offres/2020-07-005287,2020-07-005287,"""Educateur spécialisé / Educatrice spécialisée""","""MAISON D'ACCUEIL SPECIALISEE HANDICAPS A GRANDE DEPENDANCE""",2020/07/21,"""Nouméa""","""Au moins 1 an""","""Bac + 3, bac + 4""","""DEES / CESF""",1,2020/07/21,"""CDI""",Sud,-22.2745264,166.442419,"https://www.google.fr/maps/place/Noum%C3%A9a,+Nouvelle-Cal%C3%A9donie/@-22.2642742,166.4098474,13z/data=!3m1!4b1!4m5!3m4!1s0x6c27e2693f1a32cb:0x7bf1b22af312dd00!8m2!3d-22.2734912!4d166.4480887"
https://emploi.gouv.nc/offres/2020-07-005284,2020-07-005284,"""Elingueur / Elingueuse""","""ÂBORO""",2020/07/20,"""Nouméa""","""Au moins 3 ans""","""Aucune formation scolaire""","""Formation élingage""",1,2020/07/20,"""CDD""",Sud,-22.2745264,166.442419,"https://www.google.fr/maps/place/Noum%C3%A9a,+Nouvelle-Cal%C3%A9donie/@-22.2642742,166.4098474,13z/data=!3m1!4b1!4m5!3m4!1s0x6c27e2693f1a32cb:0x7bf1b22af312dd00!8m2!3d-22.2734912!4d166.4480887"
https://emploi.gouv.nc/offres/2020-07-005283,2020-07-005283,"""Chef de projet infrastructure""","""ASSYSTEM NOUVELLE CALEDONIE""",2020/07/20,"""Nouméa""","""Au moins 5 ans""","""Bac + 3, bac + 4""","""""",1,2020/07/20,"""CDI""",Sud,-22.2745264,166.442419,"https://www.google.fr/maps/place/Noum%C3%A9a,+Nouvelle-Cal%C3%A9donie/@-22.2642742,166.4098474,13z/data=!3m1!4b1!4m5!3m4!1s0x6c27e2693f1a32cb:0x7bf1b22af312dd00!8m2!3d-22.2734912!4d166.4480887"
https://emploi.gouv.nc/offres/2020-07-005280,2020-07-005280,"""Consultant / Consultante IT""","""ANGO SARL""",2020/08/01,"""Nouméa""","""Au moins 5 ans""","""Bac + 5 et plus ""","""""",1,2020/07/20,"""CDI""",Sud,-22.2745264,166.442419,"https://www.google.fr/maps/place/Noum%C3%A9a,+Nouvelle-Cal%C3%A9donie/@-22.2642742,166.4098474,13z/data=!3m1!4b1!4m5!3m4!1s0x6c27e2693f1a32cb:0x7bf1b22af312dd00!8m2!3d-22.2734912!4d166.4480887"
https://emploi.gouv.nc/offres/2020-07-005279,2020-07-005279,"""Géomètre-topographe""","""Anonyme""",2020/07/18,"""Nouméa""","""Au moins 10 ans""","""Bac, bac professionnel""","""Géomètre""",1,2020/07/18,"""CDI-TP""",Sud,-22.2745264,166.442419,"https://www.google.fr/maps/place/Noum%C3%A9a,+Nouvelle-Cal%C3%A9donie/@-22.2642742,166.4098474,13z/data=!3m1!4b1!4m5!3m4!1s0x6c27e2693f1a32cb:0x7bf1b22af312dd00!8m2!3d-22.2734912!4d166.4480887"
https://emploi.gouv.nc/offres/2020-07-005278,2020-07-005278,"""Consultant / Consultante en organisation et management""",""" Kortex SARL""",2020/10/01,"""Nouméa""","""Au moins 3 ans""","""Bac + 5 et plus ""","""""",1,2020/07/17,"""CDI""",Sud,-22.2745264,166.442419,"https://www.google.fr/maps/place/Noum%C3%A9a,+Nouvelle-Cal%C3%A9donie/@-22.2642742,166.4098474,13z/data=!3m1!4b1!4m5!3m4!1s0x6c27e2693f1a32cb:0x7bf1b22af312dd00!8m2!3d-22.2734912!4d166.4480887"
https://emploi.gouv.nc/offres/2020-07-005277,2020-07-005277,"""Ouvrier agricole polyvalent / Ouvrière agricole polyvalente""","""Anonyme""",2020/07/17,"""La Foa""","""Au moins 3 ans""","""""","""""",1,2020/07/17,"""CDI""",Sud,-21.709921,165.8261772,"https://www.google.fr/maps/place/La+Foa,+Nouvelle-Cal%C3%A9donie/@-21.707575,165.8168649,15z/data=!3m1!4b1!4m5!3m4!1s0x6e9d73fcaa06724f:0x3f6373ffa63b0caa!8m2!3d-21.7093496!4d165.8272482"
https://emploi.gouv.nc/offres/2020-07-005276,2020-07-005276,"""Technicien / Technicienne de maintenance en informatique""","""Anonyme""",2020/07/17,"""Nouméa""","""Moins d'1 an""","""Bac +2""","""Informatique""",1,2020/07/17,"""CDI""",Sud,-22.2745264,166.442419,"https://www.google.fr/maps/place/Noum%C3%A9a,+Nouvelle-Cal%C3%A9donie/@-22.2642742,166.4098474,13z/data=!3m1!4b1!4m5!3m4!1s0x6c27e2693f1a32cb:0x7bf1b22af312dd00!8m2!3d-22.2734912!4d166.4480887"
https://emploi.gouv.nc/offres/2020-07-005275,2020-07-005275,"""Chargé / Chargée d'assistance""","""Anonyme""",2020/07/17,"""Nouméa""","""Aucune expérience professionnelle""","""Bac +2""","""Informatique et/ou relation clientèle""",1,2020/07/17,"""CDI""",Sud,-22.2745264,166.442419,"https://www.google.fr/maps/place/Noum%C3%A9a,+Nouvelle-Cal%C3%A9donie/@-22.2642742,166.4098474,13z/data=!3m1!4b1!4m5!3m4!1s0x6c27e2693f1a32cb:0x7bf1b22af312dd00!8m2!3d-22.2734912!4d166.4480887"
https://emploi.gouv.nc/offres/2020-07-005274,2020-07-005274,"""Assistant / Assistante marketing""","""OFFICE PLUS""",2020/07/17,"""Nouméa""","""Moins d'1 an""","""Bac +2""","""Web marketing / E-merchandising""",1,2020/07/17,"""CDI""",Sud,-22.2745264,166.442419,"https://www.google.fr/maps/place/Noum%C3%A9a,+Nouvelle-Cal%C3%A9donie/@-22.2642742,166.4098474,13z/data=!3m1!4b1!4m5!3m4!1s0x6c27e2693f1a32cb:0x7bf1b22af312dd00!8m2!3d-22.2734912!4d166.4480887"
https://emploi.gouv.nc/offres/2020-07-005273,2020-07-005273,"""Attaché technico-commercial / Attachée technico-commerciale""","""Anonyme""",2020/07/17,"""Nouméa""","""Au moins 3 ans""","""Bac +2""","""""",1,2020/07/17,"""CDI""",Sud,-22.2745264,166.442419,"https://www.google.fr/maps/place/Noum%C3%A9a,+Nouvelle-Cal%C3%A9donie/@-22.2642742,166.4098474,13z/data=!3m1!4b1!4m5!3m4!1s0x6c27e2693f1a32cb:0x7bf1b22af312dd00!8m2!3d-22.2734912!4d166.4480887"
https://emploi.gouv.nc/offres/2020-07-005272,2020-07-005272,"""Technicien / Technicienne de Service Après-Vente -SAV- en bureautique""","""Anonyme""",2020/07/17,"""Nouméa""","""Aucune expérience professionnelle""","""Bac +2""","""BTS en Électrotechnique""",1,2020/07/17,"""CDI""",Sud,-22.2745264,166.442419,"https://www.google.fr/maps/place/Noum%C3%A9a,+Nouvelle-Cal%C3%A9donie/@-22.2642742,166.4098474,13z/data=!3m1!4b1!4m5!3m4!1s0x6c27e2693f1a32cb:0x7bf1b22af312dd00!8m2!3d-22.2734912!4d166.4480887"
https://emploi.gouv.nc/offres/2020-07-005271,2020-07-005271,"""Equipier polyvalent / Equipière polyvalente de restauration rapide""","""CREP'EAT""",2020/08/17,"""Dumbéa""","""Au moins 1 an""","""Bac, bac professionnel""","""""",3,2020/07/17,"""CDD évolutif""",Sud,-22.1676665,166.4580117,"https://www.google.fr/maps/place/Pa%C3%AFta,+Nouvelle-Cal%C3%A9donie/@-22.1317566,166.3477315,15z/data=!3m1!4b1!4m5!3m4!1s0x6c27f9584bb1dc5d:0xfe7856155b8c5d6b!8m2!3d-22.1311922!4d166.3579401"
https://emploi.gouv.nc/offres/2020-07-005270,2020-07-005270,"""Conducteur / Conductrice de grue mobile""","""G.L.I.N.C.""",2020/07/17,"""Païta""","""Au moins 3 ans""","""Bac, bac professionnel""","""""",1,2020/07/17,"""CDD évolutif""",Sud,-22.1311499,166.3678601,"https://www.google.fr/maps/place/Pa%C3%AFta,+Nouvelle-Cal%C3%A9donie/@-22.1317566,166.3477315,15z/data=!3m1!4b1!4m5!3m4!1s0x6c27f9584bb1dc5d:0xfe7856155b8c5d6b!8m2!3d-22.1311922!4d166.3579401"
https://emploi.gouv.nc/offres/2020-07-005269,2020-07-005269,"""Chef de département production""","""STE LE NICKEL - SLN""",2020/07/17,"""Nouméa""","""Au moins 10 ans""","""Bac + 5 et plus ""","""Ingénieur Secteur Métallurgie ou Industrie Lourde""",1,2020/07/17,"""CDI""",Sud,-22.2745264,166.442419,"https://www.google.fr/maps/place/Noum%C3%A9a,+Nouvelle-Cal%C3%A9donie/@-22.2642742,166.4098474,13z/data=!3m1!4b1!4m5!3m4!1s0x6c27e2693f1a32cb:0x7bf1b22af312dd00!8m2!3d-22.2734912!4d166.4480887"
https://emploi.gouv.nc/offres/2020-07-005265,2020-07-005265,"""Cuisinier / Cuisinière""","""NICOLAS""",2020/07/16,"""Païta""","""Au moins 5 ans""","""""","""""",1,2020/07/17,"""CDI""",Sud,-22.1311499,166.3678601,"https://www.google.fr/maps/place/Pa%C3%AFta,+Nouvelle-Cal%C3%A9donie/@-22.1317566,166.3477315,15z/data=!3m1!4b1!4m5!3m4!1s0x6c27f9584bb1dc5d:0xfe7856155b8c5d6b!8m2!3d-22.1311922!4d166.3579401"
https://emploi.gouv.nc/offres/2020-07-005268,2020-07-005268,"""Juriste d'affaires""","""LEGISCAL""",2020/07/16,"""Dumbéa""","""Au moins 1 an""","""Bac + 3, bac + 4""","""""",1,2020/07/16,"""CDI""",Sud,-22.1676665,166.4580117,"https://www.google.fr/maps/place/Pa%C3%AFta,+Nouvelle-Cal%C3%A9donie/@-22.1317566,166.3477315,15z/data=!3m1!4b1!4m5!3m4!1s0x6c27f9584bb1dc5d:0xfe7856155b8c5d6b!8m2!3d-22.1311922!4d166.3579401"
https://emploi.gouv.nc/offres/2020-07-005264,2020-07-005264,"""Chef de centre réparation automobile""",""" RAPIDO""",2020/07/16,"""Nouméa""","""Au moins 3 ans""","""Bac +2""","""""",1,2020/07/16,"""CDD""",Sud,-22.2745264,166.442419,"https://www.google.fr/maps/place/Noum%C3%A9a,+Nouvelle-Cal%C3%A9donie/@-22.2642742,166.4098474,13z/data=!3m1!4b1!4m5!3m4!1s0x6c27e2693f1a32cb:0x7bf1b22af312dd00!8m2!3d-22.2734912!4d166.4480887"
https://emploi.gouv.nc/offres/2020-07-005263,2020-07-005263,"""Commercial / Commerciale en automobiles""","""AUTOCAL""",2020/07/16,"""Nouméa""","""Au moins 3 ans""","""Bac, bac professionnel""","""""",1,2020/07/16,"""CDI""",Sud,-22.2745264,166.442419,"https://www.google.fr/maps/place/Noum%C3%A9a,+Nouvelle-Cal%C3%A9donie/@-22.2642742,166.4098474,13z/data=!3m1!4b1!4m5!3m4!1s0x6c27e2693f1a32cb:0x7bf1b22af312dd00!8m2!3d-22.2734912!4d166.4480887"
https://emploi.gouv.nc/offres/2020-07-005262,2020-07-005262,"""Réceptionnaire en atelier mécanique automobile""","""SODAUTO""",2020/07/16,"""Nouméa""","""Au moins 3 ans""","""Bac, bac professionnel""","""""",1,2020/07/16,"""CDI""",Sud,-22.2745264,166.442419,"https://www.google.fr/maps/place/Noum%C3%A9a,+Nouvelle-Cal%C3%A9donie/@-22.2642742,166.4098474,13z/data=!3m1!4b1!4m5!3m4!1s0x6c27e2693f1a32cb:0x7bf1b22af312dd00!8m2!3d-22.2734912!4d166.4480887"
https://emploi.gouv.nc/offres/2020-07-005261,2020-07-005261,"""Chef de projet e-formation""","""CAFAT""",2020/07/16,"""Nouméa""","""Au moins 1 an""","""Bac + 3, bac + 4""","""""",1,2020/07/16,"""CDD""",Sud,-22.2745264,166.442419,"https://www.google.fr/maps/place/Noum%C3%A9a,+Nouvelle-Cal%C3%A9donie/@-22.2642742,166.4098474,13z/data=!3m1!4b1!4m5!3m4!1s0x6c27e2693f1a32cb:0x7bf1b22af312dd00!8m2!3d-22.2734912!4d166.4480887"
https://emploi.gouv.nc/offres/2020-07-005259,2020-07-005259,"""Acheteur / Acheteuse""","""ENERCAL""",2020/07/16,"""Nouméa""","""Au moins 10 ans""","""Bac +2""","""Licence Achat/Commerce/Commerce International""",1,2020/07/16,"""CDI""",Sud,-22.2745264,166.442419,"https://www.google.fr/maps/place/Noum%C3%A9a,+Nouvelle-Cal%C3%A9donie/@-22.2642742,166.4098474,13z/data=!3m1!4b1!4m5!3m4!1s0x6c27e2693f1a32cb:0x7bf1b22af312dd00!8m2!3d-22.2734912!4d166.4480887"
https://emploi.gouv.nc/offres/2020-07-005258,2020-07-005258,"""Agent / Agente de sécurité""","""Anonyme""",2020/07/16,"""Nouméa""","""Aucune expérience professionnelle""","""Aucune formation scolaire""","""ASPQ, titulaire d'une carte professionnelle""",8,2020/07/16,"""CDI""",Sud,-22.2745264,166.442419,"https://www.google.fr/maps/place/Noum%C3%A9a,+Nouvelle-Cal%C3%A9donie/@-22.2642742,166.4098474,13z/data=!3m1!4b1!4m5!3m4!1s0x6c27e2693f1a32cb:0x7bf1b22af312dd00!8m2!3d-22.2734912!4d166.4480887"
https://emploi.gouv.nc/offres/2020-07-005257,2020-07-005257,"""Agent / Agente d'exploitation en gardiennage""","""PROTECTION.NC""",2020/07/16,"""Kouaoua""","""Aucune expérience professionnelle""","""Aucune formation scolaire""","""Carte professionnelle ASPQ""",1,2020/07/16,"""CDI""",Nord,-21.3961813,165.8284467,"https://www.google.fr/maps/place/Kouaoua,+Nouvelle-Cal%C3%A9donie/@-21.3967392,165.8227872,16z/data=!3m1!4b1!4m5!3m4!1s0x6e9d05d1e7084901:0xdde178ff002df142!8m2!3d-21.3945505!4d165.8272482"
https://emploi.gouv.nc/offres/2020-07-005247,2020-07-005247,"""Responsable de la gestion des Ressources Humaines""","""MUTUELLE DU NICKEL""",2020/07/15,"""Nouméa""","""Au moins 5 ans""","""Bac + 5 et plus ""","""Master en Ressources Humaines ou Droit social, ou Sciences sociales""",1,2020/07/16,"""CDD évolutif""",Sud,-22.2745264,166.442419,"https://www.google.fr/maps/place/Noum%C3%A9a,+Nouvelle-Cal%C3%A9donie/@-22.2642742,166.4098474,13z/data=!3m1!4b1!4m5!3m4!1s0x6c27e2693f1a32cb:0x7bf1b22af312dd00!8m2!3d-22.2734912!4d166.4480887"
https://emploi.gouv.nc/offres/2020-07-005256,2020-07-005256,"""Monteur-vendeur opticien / Monteuse-vendeuse opticienne""","""LA GENERALE D'OPTIQUE""",2020/07/15,"""Dumbéa""","""Au moins 3 ans""","""Bac, bac professionnel""","""""",1,2020/07/15,"""CDI""",Sud,-22.1676665,166.4580117,"https://www.google.fr/maps/place/Pa%C3%AFta,+Nouvelle-Cal%C3%A9donie/@-22.1317566,166.3477315,15z/data=!3m1!4b1!4m5!3m4!1s0x6c27f9584bb1dc5d:0xfe7856155b8c5d6b!8m2!3d-22.1311922!4d166.3579401"
https://emploi.gouv.nc/offres/2020-07-005254,2020-07-005254,"""Vendeur / Vendeuse en boulangerie-pâtisserie""","""La P'tite Boulangerie""",2020/07/29,"""Nouméa""","""Moins d'1 an""","""Bac, bac professionnel""","""""",1,2020/07/15,"""CDI-TP""",Sud,-22.2745264,166.442419,"https://www.google.fr/maps/place/Noum%C3%A9a,+Nouvelle-Cal%C3%A9donie/@-22.2642742,166.4098474,13z/data=!3m1!4b1!4m5!3m4!1s0x6c27e2693f1a32cb:0x7bf1b22af312dd00!8m2!3d-22.2734912!4d166.4480887"
https://emploi.gouv.nc/offres/2020-07-005252,2020-07-005252,"""Responsable des systèmes d'information""",""" Easy Skill""",2020/07/15,"""Koné""","""Au moins 5 ans""","""Bac + 5 et plus ""","""""",1,2020/07/15,"""CDI""",Nord,-21.0608439,164.8619054,"https://www.google.fr/maps/place/Kon%C3%A9,+Nouvelle-Cal%C3%A9donie/@-21.0445689,164.8399768,12z/data=!3m1!4b1!4m5!3m4!1s0x6e9e838fcf95ebd1:0x5990ed95a1c09c2d!8m2!3d-21.0536186!4d164.8974925"
https://emploi.gouv.nc/offres/2020-07-005251,2020-07-005251,"""Préparateur / Préparatrice en pharmacie d'officine""","""Anonyme""",2020/08/01,"""Nouméa""","""Au moins 10 ans""","""CAP, BEP""","""BREVET PROF""",1,2020/07/15,"""CDI""",Sud,-22.2745264,166.442419,"https://www.google.fr/maps/place/Noum%C3%A9a,+Nouvelle-Cal%C3%A9donie/@-22.2642742,166.4098474,13z/data=!3m1!4b1!4m5!3m4!1s0x6c27e2693f1a32cb:0x7bf1b22af312dd00!8m2!3d-22.2734912!4d166.4480887"
https://emploi.gouv.nc/offres/2020-07-005249,2020-07-005249,"""Technicien / Technicienne de hot line en informatique""",""" MF2G""",2020/08/01,"""Nouméa""","""Au moins 3 ans""","""Bac +2""","""""",1,2020/07/15,"""CDD évolutif""",Sud,-22.2745264,166.442419,"https://www.google.fr/maps/place/Noum%C3%A9a,+Nouvelle-Cal%C3%A9donie/@-22.2642742,166.4098474,13z/data=!3m1!4b1!4m5!3m4!1s0x6c27e2693f1a32cb:0x7bf1b22af312dd00!8m2!3d-22.2734912!4d166.4480887"
https://emploi.gouv.nc/offres/2020-07-005248,2020-07-005248,"""Vendeur / Vendeuse en bricolage""","""MR BRICOLAGE""",2020/07/15,"""Nouméa""","""Au moins 1 an""","""CAP, BEP""","""""",1,2020/07/15,"""CDD évolutif""",Sud,-22.2745264,166.442419,"https://www.google.fr/maps/place/Noum%C3%A9a,+Nouvelle-Cal%C3%A9donie/@-22.2642742,166.4098474,13z/data=!3m1!4b1!4m5!3m4!1s0x6c27e2693f1a32cb:0x7bf1b22af312dd00!8m2!3d-22.2734912!4d166.4480887"
https://emploi.gouv.nc/offres/2020-07-005245,2020-07-005245,"""Commercial / Commerciale en biens d'équipement auprès des entreprises""","""STEP IMPORT""",2020/07/15,"""Boulouparis""","""Moins d'1 an""","""Bac +2""","""BTSA""",1,2020/07/15,"""CDI""",Sud,-21.8629851,166.0509591,"https://www.google.fr/maps/place/Bouloupari,+Nouvelle-Cal%C3%A9donie/@-21.8606019,166.0449599,15z/data=!3m1!4b1!4m5!3m4!1s0x6e9d67bbd32dc5a7:0xedc90366550f2ac8!8m2!3d-21.8603599!4d166.0565965"
https://emploi.gouv.nc/offres/2020-07-005246,2020-07-005246,"""Assistant / Assistante de direction""","""Anonyme""",2020/07/15,"""Nouméa""","""Au moins 10 ans""","""Bac +2""","""""",1,2020/07/15,"""CDI""",Sud,-22.2745264,166.442419,"https://www.google.fr/maps/place/Noum%C3%A9a,+Nouvelle-Cal%C3%A9donie/@-22.2642742,166.4098474,13z/data=!3m1!4b1!4m5!3m4!1s0x6c27e2693f1a32cb:0x7bf1b22af312dd00!8m2!3d-22.2734912!4d166.4480887"
https://emploi.gouv.nc/offres/2020-07-005243,2020-07-005243,"""Plombier / Plombière sanitaire""",""" ECOGOUTTE""",2020/07/15,"""Nouméa""","""Au moins 5 ans""","""Bac, bac professionnel""","""""",1,2020/07/15,"""CDI""",Sud,-22.2745264,166.442419,"https://www.google.fr/maps/place/Noum%C3%A9a,+Nouvelle-Cal%C3%A9donie/@-22.2642742,166.4098474,13z/data=!3m1!4b1!4m5!3m4!1s0x6c27e2693f1a32cb:0x7bf1b22af312dd00!8m2!3d-22.2734912!4d166.4480887"
https://emploi.gouv.nc/offres/2020-07-005242,2020-07-005242,"""Esthéticien / Esthéticienne""","""Anonyme""",2020/07/13,"""Nouméa""","""Au moins 3 ans""","""CAP, BEP""","""""",1,2020/07/15,"""CDD évolutif""",Sud,-22.2745264,166.442419,"https://www.google.fr/maps/place/Noum%C3%A9a,+Nouvelle-Cal%C3%A9donie/@-22.2642742,166.4098474,13z/data=!3m1!4b1!4m5!3m4!1s0x6c27e2693f1a32cb:0x7bf1b22af312dd00!8m2!3d-22.2734912!4d166.4480887"
https://emploi.gouv.nc/offres/2020-07-005239,2020-07-005239,"""Mécanicien-réparateur / Mécanicienne-réparatrice automobile""","""MECA 7""",2020/09/14,"""Païta""","""Moins d'1 an""","""CAP, BEP""","""""",1,2020/07/15,"""CDI""",Sud,-22.1311499,166.3678601,"https://www.google.fr/maps/place/Pa%C3%AFta,+Nouvelle-Cal%C3%A9donie/@-22.1317566,166.3477315,15z/data=!3m1!4b1!4m5!3m4!1s0x6c27f9584bb1dc5d:0xfe7856155b8c5d6b!8m2!3d-22.1311922!4d166.3579401"
https://emploi.gouv.nc/offres/2020-07-005241,2020-07-005241,"""Gestionnaire comptable""","""BYMS SARL""",2020/07/13,"""Nouméa""","""Au moins 10 ans""","""Bac + 3, bac + 4""","""""",1,2020/07/13,"""CDD évolutif""",Sud,-22.2745264,166.442419,"https://www.google.fr/maps/place/Noum%C3%A9a,+Nouvelle-Cal%C3%A9donie/@-22.2642742,166.4098474,13z/data=!3m1!4b1!4m5!3m4!1s0x6c27e2693f1a32cb:0x7bf1b22af312dd00!8m2!3d-22.2734912!4d166.4480887"
https://emploi.gouv.nc/offres/2020-07-005240,2020-07-005240,"""Conducteur / Conductrice de travaux en électricité""",""" SOCOMETRA""",2020/07/13,"""Nouméa""","""Au moins 5 ans""","""Bac, bac professionnel""","""""",1,2020/07/13,"""CDD évolutif""",Sud,-22.2745264,166.442419,"https://www.google.fr/maps/place/Noum%C3%A9a,+Nouvelle-Cal%C3%A9donie/@-22.2642742,166.4098474,13z/data=!3m1!4b1!4m5!3m4!1s0x6c27e2693f1a32cb:0x7bf1b22af312dd00!8m2!3d-22.2734912!4d166.4480887"
https://emploi.gouv.nc/offres/2020-07-005233,2020-07-005233,"""Serveur / Serveuse de restaurant""","""TIPICO LATINO""",2020/07/10,"""Nouméa""","""Au moins 1 an""","""Bac, bac professionnel""","""""",1,2020/07/10,"""CDD évolutif""",Sud,-22.2745264,166.442419,"https://www.google.fr/maps/place/Noum%C3%A9a,+Nouvelle-Cal%C3%A9donie/@-22.2642742,166.4098474,13z/data=!3m1!4b1!4m5!3m4!1s0x6c27e2693f1a32cb:0x7bf1b22af312dd00!8m2!3d-22.2734912!4d166.4480887"
https://emploi.gouv.nc/offres/2020-07-005232,2020-07-005232,"""Esthéticien / Esthéticienne""","""Anonyme""",2020/08/01,"""Nouméa""","""Au moins 3 ans""","""CAP, BEP""","""CAP / BP""",2,2020/07/10,"""CDI""",Sud,-22.2745264,166.442419,"https://www.google.fr/maps/place/Noum%C3%A9a,+Nouvelle-Cal%C3%A9donie/@-22.2642742,166.4098474,13z/data=!3m1!4b1!4m5!3m4!1s0x6c27e2693f1a32cb:0x7bf1b22af312dd00!8m2!3d-22.2734912!4d166.4480887"
https://emploi.gouv.nc/offres/2020-07-005227,2020-07-005227,"""Manager / Manageuse en restauration rapide""","""Anonyme""",2020/07/09,"""Dumbéa""","""Au moins 5 ans""","""Bac, bac professionnel""","""""",1,2020/07/10,"""CDI""",Sud,-22.1676665,166.4580117,"https://www.google.fr/maps/place/Pa%C3%AFta,+Nouvelle-Cal%C3%A9donie/@-22.1317566,166.3477315,15z/data=!3m1!4b1!4m5!3m4!1s0x6c27f9584bb1dc5d:0xfe7856155b8c5d6b!8m2!3d-22.1311922!4d166.3579401"
https://emploi.gouv.nc/offres/2020-07-005231,2020-07-005231,"""Contrôleur / Contrôleuse de gestion""","""MDF""",2020/07/09,"""Nouméa""","""Au moins 3 ans""","""Bac + 3, bac + 4""","""""",1,2020/07/09,"""CDI""",Sud,-22.2745264,166.442419,"https://www.google.fr/maps/place/Noum%C3%A9a,+Nouvelle-Cal%C3%A9donie/@-22.2642742,166.4098474,13z/data=!3m1!4b1!4m5!3m4!1s0x6c27e2693f1a32cb:0x7bf1b22af312dd00!8m2!3d-22.2734912!4d166.4480887"
https://emploi.gouv.nc/offres/2020-07-005228,2020-07-005228,"""Attaché commercial / Attachée commerciale en biens de consommation auprès des entreprises""","""NEBULIS""",2020/07/09,"""Nouméa""","""Au moins 5 ans""","""""","""""",1,2020/07/09,"""CDI""",Sud,-22.2745264,166.442419,"https://www.google.fr/maps/place/Noum%C3%A9a,+Nouvelle-Cal%C3%A9donie/@-22.2642742,166.4098474,13z/data=!3m1!4b1!4m5!3m4!1s0x6c27e2693f1a32cb:0x7bf1b22af312dd00!8m2!3d-22.2734912!4d166.4480887"
https://emploi.gouv.nc/offres/2020-07-005226,2020-07-005226,"""Boucher / Bouchère""","""SUPER U KAMERE""",2020/07/09,"""Nouméa""","""Au moins 1 an""","""CAP, BEP""","""""",1,2020/07/09,"""CDD""",Sud,-22.2745264,166.442419,"https://www.google.fr/maps/place/Noum%C3%A9a,+Nouvelle-Cal%C3%A9donie/@-22.2642742,166.4098474,13z/data=!3m1!4b1!4m5!3m4!1s0x6c27e2693f1a32cb:0x7bf1b22af312dd00!8m2!3d-22.2734912!4d166.4480887"
https://emploi.gouv.nc/offres/2020-07-005220,2020-07-005220,"""Manoeuvre bâtiment""","""PACIFIC ETANCHEITE""",2020/07/08,"""Nouméa""","""Moins d'1 an""","""Aucune formation scolaire""","""""",1,2020/07/09,"""CDD""",Sud,-22.2745264,166.442419,"https://www.google.fr/maps/place/Noum%C3%A9a,+Nouvelle-Cal%C3%A9donie/@-22.2642742,166.4098474,13z/data=!3m1!4b1!4m5!3m4!1s0x6c27e2693f1a32cb:0x7bf1b22af312dd00!8m2!3d-22.2734912!4d166.4480887"
https://emploi.gouv.nc/offres/2020-07-005219,2020-07-005219,"""Etancheur / Etancheuse""","""PACIFIC ETANCHEITE""",2020/07/08,"""Nouméa""","""Au moins 5 ans""","""Aucune formation scolaire""","""""",1,2020/07/09,"""CDI""",Sud,-22.2745264,166.442419,"https://www.google.fr/maps/place/Noum%C3%A9a,+Nouvelle-Cal%C3%A9donie/@-22.2642742,166.4098474,13z/data=!3m1!4b1!4m5!3m4!1s0x6c27e2693f1a32cb:0x7bf1b22af312dd00!8m2!3d-22.2734912!4d166.4480887"
https://emploi.gouv.nc/offres/2020-07-005218,2020-07-005218,"""Technicien / Technicienne frigoriste """,""" SOCOMETRA""",2020/07/08,"""Nouméa""","""Au moins 3 ans""","""Bac +2""","""""",1,2020/07/08,"""CDD évolutif""",Sud,-22.2745264,166.442419,"https://www.google.fr/maps/place/Noum%C3%A9a,+Nouvelle-Cal%C3%A9donie/@-22.2642742,166.4098474,13z/data=!3m1!4b1!4m5!3m4!1s0x6c27e2693f1a32cb:0x7bf1b22af312dd00!8m2!3d-22.2734912!4d166.4480887"
https://emploi.gouv.nc/offres/2020-07-005217,2020-07-005217,"""Conducteur / Conductrice de travaux en électricité""",""" SOCOMETRA""",2020/07/08,"""Nouméa""","""Au moins 5 ans""","""Bac +2""","""""",1,2020/07/08,"""CDD""",Sud,-22.2745264,166.442419,"https://www.google.fr/maps/place/Noum%C3%A9a,+Nouvelle-Cal%C3%A9donie/@-22.2642742,166.4098474,13z/data=!3m1!4b1!4m5!3m4!1s0x6c27e2693f1a32cb:0x7bf1b22af312dd00!8m2!3d-22.2734912!4d166.4480887"
https://emploi.gouv.nc/offres/2020-07-005216,2020-07-005216,"""Automaticien / Automaticienne d'études et conception""",""" SOCOMETRA""",2020/07/08,"""Nouméa""","""Au moins 5 ans""","""Bac +2""","""BTS en automatisme, informatique industrielle""",1,2020/07/08,"""CDD évolutif""",Sud,-22.2745264,166.442419,"https://www.google.fr/maps/place/Noum%C3%A9a,+Nouvelle-Cal%C3%A9donie/@-22.2642742,166.4098474,13z/data=!3m1!4b1!4m5!3m4!1s0x6c27e2693f1a32cb:0x7bf1b22af312dd00!8m2!3d-22.2734912!4d166.4480887"
https://emploi.gouv.nc/offres/2020-07-005215,2020-07-005215,"""Aide-comptable""","""Anonyme""",2020/07/08,"""Nouméa""","""Au moins 3 ans""","""Bac +2""","""BTS CG ou DCG""",1,2020/07/08,"""CDI""",Sud,-22.2745264,166.442419,"https://www.google.fr/maps/place/Noum%C3%A9a,+Nouvelle-Cal%C3%A9donie/@-22.2642742,166.4098474,13z/data=!3m1!4b1!4m5!3m4!1s0x6c27e2693f1a32cb:0x7bf1b22af312dd00!8m2!3d-22.2734912!4d166.4480887"
https://emploi.gouv.nc/offres/2020-07-005214,2020-07-005214,"""Technicien / Technicienne en Hygiène, Sécurité, Environnement industriel -HSE-""",""" Easy Skill""",2020/07/08,"""Kaala Gomen""","""Au moins 3 ans""","""Bac +2""","""""",1,2020/07/08,"""CDD""",,,,
https://emploi.gouv.nc/offres/2020-07-005213,2020-07-005213,"""Comptable""","""PROXIMA""",2020/07/08,"""Nouméa""","""Au moins 1 an""","""Bac +2""","""""",2,2020/07/08,"""CDI""",Sud,-22.2745264,166.442419,"https://www.google.fr/maps/place/Noum%C3%A9a,+Nouvelle-Cal%C3%A9donie/@-22.2642742,166.4098474,13z/data=!3m1!4b1!4m5!3m4!1s0x6c27e2693f1a32cb:0x7bf1b22af312dd00!8m2!3d-22.2734912!4d166.4480887"
https://emploi.gouv.nc/offres/2020-07-005212,2020-07-005212,"""Agent chargé / Agente chargée de protection et de sauvegarde du patrimoine naturel""","""Conservatoire d'espaces naturels de Nouvelle-Calédonie (www.cen.nc)""",2020/08/24,"""Koné""","""Au moins 3 ans""","""Bac + 5 et plus ""","""Master en écologie, gestion de l'environnement et de la biodiversité""",1,2020/07/08,"""CDI""",Nord,-21.0608439,164.8619054,"https://www.google.fr/maps/place/Kon%C3%A9,+Nouvelle-Cal%C3%A9donie/@-21.0445689,164.8399768,12z/data=!3m1!4b1!4m5!3m4!1s0x6e9e838fcf95ebd1:0x5990ed95a1c09c2d!8m2!3d-21.0536186!4d164.8974925"
https://emploi.gouv.nc/offres/2020-07-005209,2020-07-005209,"""Chargé / Chargée de la gestion administrative du personnel""",""" Easy Skill""",2020/09/01,"""Nouméa""","""Au moins 3 ans""","""Bac + 5 et plus ""","""""",1,2020/07/08,"""CDI""",Sud,-22.2745264,166.442419,"https://www.google.fr/maps/place/Noum%C3%A9a,+Nouvelle-Cal%C3%A9donie/@-22.2642742,166.4098474,13z/data=!3m1!4b1!4m5!3m4!1s0x6c27e2693f1a32cb:0x7bf1b22af312dd00!8m2!3d-22.2734912!4d166.4480887"
https://emploi.gouv.nc/offres/2020-07-005207,2020-07-005207,"""Chauffeur / Chauffeuse de bus""","""Anonyme""",2020/07/07,"""Kaala Gomen""","""Moins d'1 an""","""Aucune formation scolaire""","""""",1,2020/07/07,"""CDD-TP évolutif""",,,,
https://emploi.gouv.nc/offres/2020-07-005206,2020-07-005206,"""Assistant / Assistante de cabinet comptable""",""" FINEA NC""",2020/07/07,"""Nouméa""","""Au moins 3 ans""","""Bac + 3, bac + 4""","""DCG""",1,2020/07/07,"""CDI""",Sud,-22.2745264,166.442419,"https://www.google.fr/maps/place/Noum%C3%A9a,+Nouvelle-Cal%C3%A9donie/@-22.2642742,166.4098474,13z/data=!3m1!4b1!4m5!3m4!1s0x6c27e2693f1a32cb:0x7bf1b22af312dd00!8m2!3d-22.2734912!4d166.4480887"
https://emploi.gouv.nc/offres/2020-07-005204,2020-07-005204,"""Graisseur / Graisseuse en mécanique navale""","""BETICO""",2020/07/07,"""Nouméa""","""Au moins 5 ans""","""CAP, BEP""","""permis de conduire Moteur marin - 250 kw""",1,2020/07/07,"""CDD""",Sud,-22.2745264,166.442419,"https://www.google.fr/maps/place/Noum%C3%A9a,+Nouvelle-Cal%C3%A9donie/@-22.2642742,166.4098474,13z/data=!3m1!4b1!4m5!3m4!1s0x6c27e2693f1a32cb:0x7bf1b22af312dd00!8m2!3d-22.2734912!4d166.4480887"
https://emploi.gouv.nc/offres/2020-07-005203,2020-07-005203,"""Employé polyvalent / Employée polyvalente de restaurant""","""LA PIZZERIA DU 6EME KM / TOP PIZZA DU 6EME KM""",2020/07/13,"""Nouméa""","""Aucune expérience professionnelle""","""Bac, bac professionnel""","""""",1,2020/07/07,"""CDI-TP""",Sud,-22.2745264,166.442419,"https://www.google.fr/maps/place/Noum%C3%A9a,+Nouvelle-Cal%C3%A9donie/@-22.2642742,166.4098474,13z/data=!3m1!4b1!4m5!3m4!1s0x6c27e2693f1a32cb:0x7bf1b22af312dd00!8m2!3d-22.2734912!4d166.4480887"
https://emploi.gouv.nc/offres/2020-07-005201,2020-07-005201,"""Architecte fonctionnel / fonctionnelle de système d'information""",""" RedStone""",2020/09/01,"""Nouméa""","""Au moins 3 ans""","""Bac + 3, bac + 4""","""""",1,2020/07/07,"""CDI""",Sud,-22.2745264,166.442419,"https://www.google.fr/maps/place/Noum%C3%A9a,+Nouvelle-Cal%C3%A9donie/@-22.2642742,166.4098474,13z/data=!3m1!4b1!4m5!3m4!1s0x6c27e2693f1a32cb:0x7bf1b22af312dd00!8m2!3d-22.2734912!4d166.4480887"
https://emploi.gouv.nc/offres/2020-07-005200,2020-07-005200,"""Chef de production en restauration collective""","""RESTÔGEST""",2020/07/07,"""Nouméa""","""Au moins 5 ans""","""Bac +2""","""""",1,2020/07/07,"""CDI""",Sud,-22.2745264,166.442419,"https://www.google.fr/maps/place/Noum%C3%A9a,+Nouvelle-Cal%C3%A9donie/@-22.2642742,166.4098474,13z/data=!3m1!4b1!4m5!3m4!1s0x6c27e2693f1a32cb:0x7bf1b22af312dd00!8m2!3d-22.2734912!4d166.4480887"
https://emploi.gouv.nc/offres/2020-07-005199,2020-07-005199,"""Analyste développeur / développeuse""","""SCSI / SKAZY/ MADEMOISELLEL.NC / MADEMOISELLE.NC""",2020/07/07,"""Nouméa""","""Au moins 3 ans""","""Bac + 3, bac + 4""","""BTS""",1,2020/07/07,"""CDI""",Sud,-22.2745264,166.442419,"https://www.google.fr/maps/place/Noum%C3%A9a,+Nouvelle-Cal%C3%A9donie/@-22.2642742,166.4098474,13z/data=!3m1!4b1!4m5!3m4!1s0x6c27e2693f1a32cb:0x7bf1b22af312dd00!8m2!3d-22.2734912!4d166.4480887"
https://emploi.gouv.nc/offres/2020-07-005196,2020-07-005196,"""Chauffeur / Chauffeuse de poids lourd""","""E.T.V.""",2020/07/07,"""Païta""","""Au moins 5 ans""","""""","""""",1,2020/07/07,"""CDD""",Sud,-22.1311499,166.3678601,"https://www.google.fr/maps/place/Pa%C3%AFta,+Nouvelle-Cal%C3%A9donie/@-22.1317566,166.3477315,15z/data=!3m1!4b1!4m5!3m4!1s0x6c27f9584bb1dc5d:0xfe7856155b8c5d6b!8m2!3d-22.1311922!4d166.3579401"
https://emploi.gouv.nc/offres/2020-07-005195,2020-07-005195,"""Responsable administratif / administrative et de gestion du personnel""","""ENERCAL""",2020/07/07,"""Nouméa""","""Au moins 5 ans""","""Bac + 5 et plus ""","""Domaine des ressources humaines ou contrôle de gestion sociale""",1,2020/07/07,"""CDI""",Sud,-22.2745264,166.442419,"https://www.google.fr/maps/place/Noum%C3%A9a,+Nouvelle-Cal%C3%A9donie/@-22.2642742,166.4098474,13z/data=!3m1!4b1!4m5!3m4!1s0x6c27e2693f1a32cb:0x7bf1b22af312dd00!8m2!3d-22.2734912!4d166.4480887"
https://emploi.gouv.nc/offres/2020-07-005186,2020-07-005186,"""Assistant maternel / Assistante maternelle""","""LA RIBAMBELLE""",2020/07/06,"""Nouméa""","""Au moins 3 ans""","""CAP, BEP""","""CAP PETITE ENFANCE, BEPCSS, BAC PRO ASSP""",1,2020/07/07,"""CDD évolutif""",Sud,-22.2745264,166.442419,"https://www.google.fr/maps/place/Noum%C3%A9a,+Nouvelle-Cal%C3%A9donie/@-22.2642742,166.4098474,13z/data=!3m1!4b1!4m5!3m4!1s0x6c27e2693f1a32cb:0x7bf1b22af312dd00!8m2!3d-22.2734912!4d166.4480887"
https://emploi.gouv.nc/offres/2020-07-005193,2020-07-005193,"""Laborantin / Laborantine d'analyses médicales""","""Anonyme""",2020/07/06,"""Nouméa""","""Au moins 1 an""","""Bac +2""","""technicien de laboratoire ou équivalent""",2,2020/07/06,"""CDD évolutif""",Sud,-22.2745264,166.442419,"https://www.google.fr/maps/place/Noum%C3%A9a,+Nouvelle-Cal%C3%A9donie/@-22.2642742,166.4098474,13z/data=!3m1!4b1!4m5!3m4!1s0x6c27e2693f1a32cb:0x7bf1b22af312dd00!8m2!3d-22.2734912!4d166.4480887"
https://emploi.gouv.nc/offres/2020-07-005192,2020-07-005192,"""Technicien / Technicienne en logistique de production industrielle""",""" Easy Skill""",2020/07/06,"""Koné""","""Au moins 10 ans""","""Bac +2""","""""",1,2020/07/06,"""CDD""",Nord,-21.0608439,164.8619054,"https://www.google.fr/maps/place/Kon%C3%A9,+Nouvelle-Cal%C3%A9donie/@-21.0445689,164.8399768,12z/data=!3m1!4b1!4m5!3m4!1s0x6e9e838fcf95ebd1:0x5990ed95a1c09c2d!8m2!3d-21.0536186!4d164.8974925"
https://emploi.gouv.nc/offres/2020-07-005191,2020-07-005191,"""Chargé / Chargée d'affaires en industrie""",""" Easy Skill""",2020/07/06,"""Nouméa""","""Au moins 5 ans""","""Bac + 3, bac + 4""","""""",1,2020/07/06,"""CDI""",Sud,-22.2745264,166.442419,"https://www.google.fr/maps/place/Noum%C3%A9a,+Nouvelle-Cal%C3%A9donie/@-22.2642742,166.4098474,13z/data=!3m1!4b1!4m5!3m4!1s0x6c27e2693f1a32cb:0x7bf1b22af312dd00!8m2!3d-22.2734912!4d166.4480887"
https://emploi.gouv.nc/offres/2020-07-005173,2020-07-005173,"""Conducteur / Conductrice de travaux""","""MANPOWER PROFESSIONAL NC-MANPOWER BUSINESS""",2020/07/03,"""Koné""","""Au moins 5 ans""","""Bac +2""","""Domaine chaudronnerie et de la tuyauterie""",1,2020/07/03,"""CDI""",Nord,-21.0608439,164.8619054,"https://www.google.fr/maps/place/Kon%C3%A9,+Nouvelle-Cal%C3%A9donie/@-21.0445689,164.8399768,12z/data=!3m1!4b1!4m5!3m4!1s0x6e9e838fcf95ebd1:0x5990ed95a1c09c2d!8m2!3d-21.0536186!4d164.8974925"
https://emploi.gouv.nc/offres/2020-07-005172,2020-07-005172,"""Plombier / Plombière""",""" MGN SERVICES""",2020/07/03,"""Yaté""","""Au moins 3 ans""","""CAP, BEP""","""""",1,2020/07/03,"""CDD""",Sud,-22.1593698,166.9442699,"https://www.google.fr/maps/place/Yat%C3%A9,+Nouvelle-Cal%C3%A9donie/@-22.1081683,166.6130656,11z/data=!3m1!4b1!4m5!3m4!1s0x6e82a8572601f66b:0xf4eccf212d959a83!8m2!3d-22.1254459!4d166.7798172"
https://emploi.gouv.nc/offres/2020-07-005171,2020-07-005171,"""Electricien / Electricienne tertiaire de maintenance""",""" MGN SERVICES""",2020/07/03,"""Yaté""","""Au moins 5 ans""","""Bac, bac professionnel""","""""",1,2020/07/03,"""CDD évolutif""",Sud,-22.1593698,166.9442699,"https://www.google.fr/maps/place/Yat%C3%A9,+Nouvelle-Cal%C3%A9donie/@-22.1081683,166.6130656,11z/data=!3m1!4b1!4m5!3m4!1s0x6e82a8572601f66b:0xf4eccf212d959a83!8m2!3d-22.1254459!4d166.7798172"
https://emploi.gouv.nc/offres/2020-07-005161,2020-07-005161,"""Responsable développement / Business Developer""","""OPTIMIUM.SYSTEMS""",2020/07/02,"""Nouméa""","""Au moins 5 ans""","""Bac + 3, bac + 4""","""""",1,2020/07/02,"""CDD-TP""",Sud,-22.2745264,166.442419,"https://www.google.fr/maps/place/Noum%C3%A9a,+Nouvelle-Cal%C3%A9donie/@-22.2642742,166.4098474,13z/data=!3m1!4b1!4m5!3m4!1s0x6c27e2693f1a32cb:0x7bf1b22af312dd00!8m2!3d-22.2734912!4d166.4480887"
https://emploi.gouv.nc/offres/2020-06-005143,2020-06-005143,"""Chargé / Chargée d'affaires en électricité""","""A.E.I.""",2020/06/30,"""Nouméa""","""Au moins 3 ans""","""Bac +2""","""BTS/DUT électricité et automatisme""",1,2020/06/30,"""CDI""",Sud,-22.2745264,166.442419,"https://www.google.fr/maps/place/Noum%C3%A9a,+Nouvelle-Cal%C3%A9donie/@-22.2642742,166.4098474,13z/data=!3m1!4b1!4m5!3m4!1s0x6c27e2693f1a32cb:0x7bf1b22af312dd00!8m2!3d-22.2734912!4d166.4480887"
https://emploi.gouv.nc/offres/2020-06-005084,2020-06-005084,"""Chef mécanicien / mécanicienne automobile""",""" GARAGE MBB""",2020/06/24,"""Païta""","""Au moins 3 ans""","""CAP, BEP""","""""",1,2020/06/29,"""CDI""",Sud,-22.1311499,166.3678601,"https://www.google.fr/maps/place/Pa%C3%AFta,+Nouvelle-Cal%C3%A9donie/@-22.1317566,166.3477315,15z/data=!3m1!4b1!4m5!3m4!1s0x6c27f9584bb1dc5d:0xfe7856155b8c5d6b!8m2!3d-22.1311922!4d166.3579401"
https://emploi.gouv.nc/offres/2020-06-005130,2020-06-005130,"""Conseiller / Conseillère en patrimoine financier""","""IFP PATRIMOINE""",2020/06/29,"""Nouméa""","""Au moins 5 ans""","""Bac + 5 et plus ""","""Master gestion de patrimoine""",2,2020/06/29,"""CDI""",Sud,-22.2745264,166.442419,"https://www.google.fr/maps/place/Noum%C3%A9a,+Nouvelle-Cal%C3%A9donie/@-22.2642742,166.4098474,13z/data=!3m1!4b1!4m5!3m4!1s0x6c27e2693f1a32cb:0x7bf1b22af312dd00!8m2!3d-22.2734912!4d166.4480887"
https://emploi.gouv.nc/offres/2020-06-005129,2020-06-005129,"""Conseiller / Conseillère en assurance vie""","""IFP PATRIMOINE""",2020/06/29,"""Nouméa""","""Au moins 5 ans""","""Bac +2""","""""",1,2020/06/29,"""CDI""",Sud,-22.2745264,166.442419,"https://www.google.fr/maps/place/Noum%C3%A9a,+Nouvelle-Cal%C3%A9donie/@-22.2642742,166.4098474,13z/data=!3m1!4b1!4m5!3m4!1s0x6c27e2693f1a32cb:0x7bf1b22af312dd00!8m2!3d-22.2734912!4d166.4480887"
https://emploi.gouv.nc/offres/2020-06-005128,2020-06-005128,"""Conseiller / Conseillère en assurance produits d'épargne""","""IFP PATRIMOINE""",2020/06/29,"""Nouméa""","""Au moins 5 ans""","""Bac +2""","""""",1,2020/06/29,"""CDI""",Sud,-22.2745264,166.442419,"https://www.google.fr/maps/place/Noum%C3%A9a,+Nouvelle-Cal%C3%A9donie/@-22.2642742,166.4098474,13z/data=!3m1!4b1!4m5!3m4!1s0x6c27e2693f1a32cb:0x7bf1b22af312dd00!8m2!3d-22.2734912!4d166.4480887"
https://emploi.gouv.nc/offres/2020-06-005109,2020-06-005109,"""Ingénieur technico-commercial / Ingénieure technico-commerciale""","""BioMed Pacific""",2020/06/26,"""Nouméa""","""Au moins 3 ans""","""Bac + 3, bac + 4""","""BTS Maintenance industrielle / electronique""",1,2020/06/26,"""CDI""",Sud,-22.2745264,166.442419,"https://www.google.fr/maps/place/Noum%C3%A9a,+Nouvelle-Cal%C3%A9donie/@-22.2642742,166.4098474,13z/data=!3m1!4b1!4m5!3m4!1s0x6c27e2693f1a32cb:0x7bf1b22af312dd00!8m2!3d-22.2734912!4d166.4480887"
https://emploi.gouv.nc/offres/2020-06-004940,2020-06-004940,"""Réceptionnaire en atelier mécanique automobile""","""NEXUS AUTO MOTORPOOL -  DELRIEU""",2020/06/26,"""Nouméa""","""Au moins 3 ans""","""Bac, bac professionnel""","""""",1,2020/06/26,"""CDI""",Sud,-22.2745264,166.442419,"https://www.google.fr/maps/place/Noum%C3%A9a,+Nouvelle-Cal%C3%A9donie/@-22.2642742,166.4098474,13z/data=!3m1!4b1!4m5!3m4!1s0x6c27e2693f1a32cb:0x7bf1b22af312dd00!8m2!3d-22.2734912!4d166.4480887"
https://emploi.gouv.nc/offres/2020-06-005095,2020-06-005095,"""Consultant / Consultante informatique""","""MANPOWER PROFESSIONAL NC-MANPOWER BUSINESS""",2020/06/25,"""Nouméa""","""Au moins 5 ans""","""Bac + 3, bac + 4""","""Ecole d'ingénieur / Ecole de commerce...""",1,2020/06/25,"""CDI""",Sud,-22.2745264,166.442419,"https://www.google.fr/maps/place/Noum%C3%A9a,+Nouvelle-Cal%C3%A9donie/@-22.2642742,166.4098474,13z/data=!3m1!4b1!4m5!3m4!1s0x6c27e2693f1a32cb:0x7bf1b22af312dd00!8m2!3d-22.2734912!4d166.4480887"
https://emploi.gouv.nc/offres/2020-06-005090,2020-06-005090,"""Assistant / Assistante ressources humaines""","""ICCARE""",2020/06/25,"""Païta""","""Au moins 3 ans""","""Bac +2""","""""",1,2020/06/25,"""CDI""",Sud,-22.1311499,166.3678601,"https://www.google.fr/maps/place/Pa%C3%AFta,+Nouvelle-Cal%C3%A9donie/@-22.1317566,166.3477315,15z/data=!3m1!4b1!4m5!3m4!1s0x6c27f9584bb1dc5d:0xfe7856155b8c5d6b!8m2!3d-22.1311922!4d166.3579401"
https://emploi.gouv.nc/offres/2020-06-005081,2020-06-005081,"""Préparateur / Préparatrice de véhicules neufs et/ou d'occasion""","""SIAP-TOYOTA""",2020/06/24,"""Nouméa""","""Au moins 1 an""","""CAP, BEP""","""CAP MVA""",1,2020/06/24,"""CDI""",Sud,-22.2745264,166.442419,"https://www.google.fr/maps/place/Noum%C3%A9a,+Nouvelle-Cal%C3%A9donie/@-22.2642742,166.4098474,13z/data=!3m1!4b1!4m5!3m4!1s0x6c27e2693f1a32cb:0x7bf1b22af312dd00!8m2!3d-22.2734912!4d166.4480887"
https://emploi.gouv.nc/offres/2020-06-005076,2020-06-005076,"""Conseiller commercial / Conseillère commerciale en automobiles""","""SIAP-TOYOTA""",2020/06/24,"""Nouméa""","""Au moins 1 an""","""Bac +2""","""Gestion commerciale ou Maintenance automobile""",2,2020/06/24,"""CDI""",Sud,-22.2745264,166.442419,"https://www.google.fr/maps/place/Noum%C3%A9a,+Nouvelle-Cal%C3%A9donie/@-22.2642742,166.4098474,13z/data=!3m1!4b1!4m5!3m4!1s0x6c27e2693f1a32cb:0x7bf1b22af312dd00!8m2!3d-22.2734912!4d166.4480887"
https://emploi.gouv.nc/offres/2020-06-005074,2020-06-005074,"""Assistant / Assistante de communication""","""ENERCAL""",2020/06/24,"""Nouméa""","""Au moins 1 an""","""Bac +2""","""Communication""",1,2020/06/24,"""CDD""",Sud,-22.2745264,166.442419,"https://www.google.fr/maps/place/Noum%C3%A9a,+Nouvelle-Cal%C3%A9donie/@-22.2642742,166.4098474,13z/data=!3m1!4b1!4m5!3m4!1s0x6c27e2693f1a32cb:0x7bf1b22af312dd00!8m2!3d-22.2734912!4d166.4480887"
https://emploi.gouv.nc/offres/2020-06-005073,2020-06-005073,"""Chargé / Chargée de communication""","""ENERCAL""",2020/06/24,"""Nouméa""","""Au moins 1 an""","""Bac + 5 et plus ""","""Master Communication""",1,2020/06/24,"""CDD""",Sud,-22.2745264,166.442419,"https://www.google.fr/maps/place/Noum%C3%A9a,+Nouvelle-Cal%C3%A9donie/@-22.2642742,166.4098474,13z/data=!3m1!4b1!4m5!3m4!1s0x6c27e2693f1a32cb:0x7bf1b22af312dd00!8m2!3d-22.2734912!4d166.4480887"
https://emploi.gouv.nc/offres/2020-06-005072,2020-06-005072,"""Ingénieur / Ingénieure - conseil en organisation""","""ENERCAL""",2020/06/24,"""Nouméa""","""Au moins 5 ans""","""Bac + 5 et plus ""","""Diplôme d’ingénieur avec certification Black Belt""",1,2020/06/24,"""CDD""",Sud,-22.2745264,166.442419,"https://www.google.fr/maps/place/Noum%C3%A9a,+Nouvelle-Cal%C3%A9donie/@-22.2642742,166.4098474,13z/data=!3m1!4b1!4m5!3m4!1s0x6c27e2693f1a32cb:0x7bf1b22af312dd00!8m2!3d-22.2734912!4d166.4480887"
https://emploi.gouv.nc/offres/2020-06-005068,2020-06-005068,"""Adjoint / Adjointe service clients""","""ENERCAL""",2020/06/24,"""Nouméa""","""Au moins 3 ans""","""Bac + 5 et plus ""","""Domaine clientèle""",1,2020/06/24,"""CDI""",Sud,-22.2745264,166.442419,"https://www.google.fr/maps/place/Noum%C3%A9a,+Nouvelle-Cal%C3%A9donie/@-22.2642742,166.4098474,13z/data=!3m1!4b1!4m5!3m4!1s0x6c27e2693f1a32cb:0x7bf1b22af312dd00!8m2!3d-22.2734912!4d166.4480887"
https://emploi.gouv.nc/offres/2020-06-005067,2020-06-005067,"""Agent / Agente d'accueil""","""ENERCAL""",2020/06/24,"""Île des Pins ()""","""Moins d'1 an""","""Bac, bac professionnel""","""Accueil Relation Clients""",1,2020/06/24,"""CDI""",Sud,-22.605052,167.4687252,"https://www.google.fr/maps/place/L'%C3%8Ele+des+Pins,+Nouvelle-Cal%C3%A9donie/@-22.6103581,167.290184,11z/data=!3m1!4b1!4m5!3m4!1s0x6c29bbf4d8873a27:0x93e47bed00bf08ba!8m2!3d-22.5518329!4d167.4242972"
https://emploi.gouv.nc/offres/2020-06-005066,2020-06-005066,"""Contremaître / Contremaîtresse de maintenance industrielle""","""ENERCAL""",2020/06/24,"""Nouméa""","""Au moins 1 an""","""Bac +2""","""Electrotechnique""",1,2020/06/24,"""CDI""",Sud,-22.2745264,166.442419,"https://www.google.fr/maps/place/Noum%C3%A9a,+Nouvelle-Cal%C3%A9donie/@-22.2642742,166.4098474,13z/data=!3m1!4b1!4m5!3m4!1s0x6c27e2693f1a32cb:0x7bf1b22af312dd00!8m2!3d-22.2734912!4d166.4480887"
https://emploi.gouv.nc/offres/2020-06-005065,2020-06-005065,"""Ingénieur / Ingénieure fiabilité qualité en industrie""","""ENERCAL""",2020/06/24,"""Mont Dore ()""","""Au moins 1 an""","""Bac + 5 et plus ""","""""",1,2020/06/24,"""CDI""",,,,
https://emploi.gouv.nc/offres/2020-06-005064,2020-06-005064,"""Technicien / Technicienne études électriques""","""ENERCAL""",2020/06/24,"""Nouméa""","""Au moins 1 an""","""Bac +2""","""ATI ou Electrotechnique""",1,2020/06/24,"""CDI""",Sud,-22.2745264,166.442419,"https://www.google.fr/maps/place/Noum%C3%A9a,+Nouvelle-Cal%C3%A9donie/@-22.2642742,166.4098474,13z/data=!3m1!4b1!4m5!3m4!1s0x6c27e2693f1a32cb:0x7bf1b22af312dd00!8m2!3d-22.2734912!4d166.4480887"
https://emploi.gouv.nc/offres/2020-06-005063,2020-06-005063,"""Gestionnaire de contrats de vente - Contract manager""","""ENERCAL""",2020/06/24,"""Nouméa""","""Au moins 3 ans""","""Bac +2""","""Domaine technique ou Compta (aspect financier dans un domaine technique)""",1,2020/06/24,"""CDI""",Sud,-22.2745264,166.442419,"https://www.google.fr/maps/place/Noum%C3%A9a,+Nouvelle-Cal%C3%A9donie/@-22.2642742,166.4098474,13z/data=!3m1!4b1!4m5!3m4!1s0x6c27e2693f1a32cb:0x7bf1b22af312dd00!8m2!3d-22.2734912!4d166.4480887"
https://emploi.gouv.nc/offres/2020-06-005062,2020-06-005062,"""Aide électricien monteur / électricienne monteuse réseaux""","""ENERCAL""",2020/06/24,"""La Foa""","""Au moins 1 an""","""CAP, BEP""","""Electrotechnique/IEE""",1,2020/06/24,"""CDI""",Sud,-21.709921,165.8261772,"https://www.google.fr/maps/place/La+Foa,+Nouvelle-Cal%C3%A9donie/@-21.707575,165.8168649,15z/data=!3m1!4b1!4m5!3m4!1s0x6e9d73fcaa06724f:0x3f6373ffa63b0caa!8m2!3d-21.7093496!4d165.8272482"
https://emploi.gouv.nc/offres/2020-06-005061,2020-06-005061,"""Agent / Agente de maintenance industrielle""","""ENERCAL""",2020/06/24,"""Yaté""","""Au moins 1 an""","""Bac, bac professionnel""","""Electrotechnique""",1,2020/06/24,"""CDI""",Sud,-22.1593698,166.9442699,"https://www.google.fr/maps/place/Yat%C3%A9,+Nouvelle-Cal%C3%A9donie/@-22.1081683,166.6130656,11z/data=!3m1!4b1!4m5!3m4!1s0x6e82a8572601f66b:0xf4eccf212d959a83!8m2!3d-22.1254459!4d166.7798172"
https://emploi.gouv.nc/offres/2020-06-005035,2020-06-005035,"""Accompagnant / Accompagnante d'élèves en situation de handicap - AESH""",""" ASSOCIATION AVA""",2020/06/19,"""Nouméa""","""Aucune expérience professionnelle""","""Certification locale""","""""",5,2020/06/19,"""CDI""",Sud,-22.2745264,166.442419,"https://www.google.fr/maps/place/Noum%C3%A9a,+Nouvelle-Cal%C3%A9donie/@-22.2642742,166.4098474,13z/data=!3m1!4b1!4m5!3m4!1s0x6c27e2693f1a32cb:0x7bf1b22af312dd00!8m2!3d-22.2734912!4d166.4480887"
https://emploi.gouv.nc/offres/2020-06-005032,2020-06-005032,"""Comptable""","""Anonyme""",2020/06/19,"""Nouméa""","""Au moins 5 ans""","""Bac + 5 et plus ""","""DSCG ou DCG""",1,2020/06/19,"""CDI""",Sud,-22.2745264,166.442419,"https://www.google.fr/maps/place/Noum%C3%A9a,+Nouvelle-Cal%C3%A9donie/@-22.2642742,166.4098474,13z/data=!3m1!4b1!4m5!3m4!1s0x6c27e2693f1a32cb:0x7bf1b22af312dd00!8m2!3d-22.2734912!4d166.4480887"
https://emploi.gouv.nc/offres/2020-06-005029,2020-06-005029,"""Chirurgien-dentiste / Chirurgienne-dentiste""","""MDF""",2020/09/01,"""Nouméa""","""Aucune expérience professionnelle""","""Bac + 5 et plus ""","""Diplôme d'Etat de Docteur en chirurgie dentaire (https://www.mdf.nc/)""",1,2020/06/18,"""CDD-TP""",Sud,-22.2745264,166.442419,"https://www.google.fr/maps/place/Noum%C3%A9a,+Nouvelle-Cal%C3%A9donie/@-22.2642742,166.4098474,13z/data=!3m1!4b1!4m5!3m4!1s0x6c27e2693f1a32cb:0x7bf1b22af312dd00!8m2!3d-22.2734912!4d166.4480887"
https://emploi.gouv.nc/offres/2020-06-005028,2020-06-005028,"""Chirurgien-dentiste / Chirurgienne-dentiste""","""MDF""",2020/08/24,"""Mont Dore ()""","""Aucune expérience professionnelle""","""Bac + 5 et plus ""","""Diplôme d'Etat de Docteur en chirurgie dentaire (https://www.mdf.nc/)""",1,2020/06/18,"""CDI""",,,,
https://emploi.gouv.nc/offres/2020-06-005022,2020-06-005022,"""Consultant / Consultante IT""",""" Kortex SARL""",2020/06/18,"""Nouméa""","""Au moins 3 ans""","""Bac + 5 et plus ""","""""",1,2020/06/18,"""CDI""",Sud,-22.2745264,166.442419,"https://www.google.fr/maps/place/Noum%C3%A9a,+Nouvelle-Cal%C3%A9donie/@-22.2642742,166.4098474,13z/data=!3m1!4b1!4m5!3m4!1s0x6c27e2693f1a32cb:0x7bf1b22af312dd00!8m2!3d-22.2734912!4d166.4480887"
https://emploi.gouv.nc/offres/2020-06-005019,2020-06-005019,"""Vigile""",""" Vigie sarl""",2020/06/18,"""Dumbéa""","""Aucune expérience professionnelle""","""Aucune formation scolaire""","""ASPQ""",2,2020/06/18,"""CDI""",Sud,-22.1676665,166.4580117,"https://www.google.fr/maps/place/Pa%C3%AFta,+Nouvelle-Cal%C3%A9donie/@-22.1317566,166.3477315,15z/data=!3m1!4b1!4m5!3m4!1s0x6c27f9584bb1dc5d:0xfe7856155b8c5d6b!8m2!3d-22.1311922!4d166.3579401"
https://emploi.gouv.nc/offres/2020-06-005007,2020-06-005007,"""Gestionnaire de portefeuille immobilier""",""" MAX Immo""",2020/06/17,"""Nouméa""","""Au moins 3 ans""","""Bac, bac professionnel""","""""",1,2020/06/18,"""CDI""",Sud,-22.2745264,166.442419,"https://www.google.fr/maps/place/Noum%C3%A9a,+Nouvelle-Cal%C3%A9donie/@-22.2642742,166.4098474,13z/data=!3m1!4b1!4m5!3m4!1s0x6c27e2693f1a32cb:0x7bf1b22af312dd00!8m2!3d-22.2734912!4d166.4480887"
https://emploi.gouv.nc/offres/2020-06-004998,2020-06-004998,"""Mécanicien / Mécanicienne sur machines industrielles""","""Anonyme""",2020/08/03,"""Mont Dore ()""","""Au moins 3 ans""","""Bac, bac professionnel""","""""",6,2020/06/17,"""CDIC""",,,,
https://emploi.gouv.nc/offres/2020-06-004997,2020-06-004997,"""Monteur électricien / Monteuse électricienne""","""Anonyme""",2020/08/03,"""Mont Dore ()""","""Au moins 3 ans""","""Bac, bac professionnel""","""""",6,2020/06/17,"""CDIC""",,,,
https://emploi.gouv.nc/offres/2020-06-004994,2020-06-004994,"""Chef de chantier électricité""","""Anonyme""",2020/08/03,"""Mont Dore ()""","""Au moins 5 ans""","""Bac +2""","""""",1,2020/06/17,"""CDIC""",,,,
https://emploi.gouv.nc/offres/2020-06-004988,2020-06-004988,"""Technicien électronicien / Technicienne électronicienne d'installation et de mise en service""","""WYNERGY NC""",2020/08/03,"""Mont Dore ()""","""Au moins 5 ans""","""Bac +2""","""BTS ELECTROTECHNIQUE""",2,2020/06/16,"""CDIC""",,,,
https://emploi.gouv.nc/offres/2020-06-004982,2020-06-004982,"""Boucher / Bouchère""","""LE FIN GOURMET""",2020/06/16,"""Bourail""","""Au moins 1 an""","""""","""""",1,2020/06/16,"""CDD évolutif""",Sud,-21.5669859,165.496685,"https://www.google.fr/maps/place/Bourail,+Nouvelle-Cal%C3%A9donie/@-21.5626474,165.4827689,15z/data=!3m1!4b1!4m5!3m4!1s0x6e9dbda00e19f14d:0x1a2035720925a4d9!8m2!3d-21.5669347!4d165.4985521"
https://emploi.gouv.nc/offres/2020-06-004966,2020-06-004966,"""Architecte""",""" SARL CAW""",2020/06/15,"""Nouméa""","""Au moins 3 ans""","""Bac + 5 et plus ""","""Architecte HMONP""",1,2020/06/16,"""CDD""",Sud,-22.2745264,166.442419,"https://www.google.fr/maps/place/Noum%C3%A9a,+Nouvelle-Cal%C3%A9donie/@-22.2642742,166.4098474,13z/data=!3m1!4b1!4m5!3m4!1s0x6c27e2693f1a32cb:0x7bf1b22af312dd00!8m2!3d-22.2734912!4d166.4480887"
https://emploi.gouv.nc/offres/2020-06-004971,2020-06-004971,"""Responsable contrôle de gestion""","""MANPOWER PROFESSIONAL NC-MANPOWER BUSINESS""",2020/06/15,"""Koné""","""Au moins 10 ans""","""Bac + 5 et plus ""","""Comptabilité et gestion financière""",1,2020/06/15,"""CDI""",Nord,-21.0608439,164.8619054,"https://www.google.fr/maps/place/Kon%C3%A9,+Nouvelle-Cal%C3%A9donie/@-21.0445689,164.8399768,12z/data=!3m1!4b1!4m5!3m4!1s0x6e9e838fcf95ebd1:0x5990ed95a1c09c2d!8m2!3d-21.0536186!4d164.8974925"
https://emploi.gouv.nc/offres/2020-06-004963,2020-06-004963,"""Technicien / Technicienne informatique ""","""OPTIMIUM.SYSTEMS""",2020/06/14,"""Nouméa""","""Moins d'1 an""","""Bac, bac professionnel""","""""",1,2020/06/14,"""CDI""",Sud,-22.2745264,166.442419,"https://www.google.fr/maps/place/Noum%C3%A9a,+Nouvelle-Cal%C3%A9donie/@-22.2642742,166.4098474,13z/data=!3m1!4b1!4m5!3m4!1s0x6c27e2693f1a32cb:0x7bf1b22af312dd00!8m2!3d-22.2734912!4d166.4480887"
https://emploi.gouv.nc/offres/2020-06-004928,2020-06-004928,"""Technicien / Technicienne de hot line en informatique""",""" MF2G""",2020/08/01,"""Nouméa""","""Au moins 3 ans""","""Bac +2""","""""",1,2020/06/10,"""CDD évolutif""",Sud,-22.2745264,166.442419,"https://www.google.fr/maps/place/Noum%C3%A9a,+Nouvelle-Cal%C3%A9donie/@-22.2642742,166.4098474,13z/data=!3m1!4b1!4m5!3m4!1s0x6c27e2693f1a32cb:0x7bf1b22af312dd00!8m2!3d-22.2734912!4d166.4480887"
https://emploi.gouv.nc/offres/2020-06-004884,2020-06-004884,"""Mécanicien / Mécanicienne automobile""","""SIAP SAV""",2020/06/05,"""Nouméa""","""Au moins 3 ans""","""CAP, BEP""","""CAP/BEP/BAC/BTS Maintenance des Véhicules Automobiles""",2,2020/06/05,"""CDI""",Sud,-22.2745264,166.442419,"https://www.google.fr/maps/place/Noum%C3%A9a,+Nouvelle-Cal%C3%A9donie/@-22.2642742,166.4098474,13z/data=!3m1!4b1!4m5!3m4!1s0x6c27e2693f1a32cb:0x7bf1b22af312dd00!8m2!3d-22.2734912!4d166.4480887"
https://emploi.gouv.nc/offres/2020-06-004886,2020-06-004886,"""Agent / Agente de surveillance et de protection""","""Anonyme""",2020/06/05,"""Nouméa""","""Aucune expérience professionnelle""","""Aucune formation scolaire""","""ASPQ""",10,2020/06/05,"""CDD évolutif""",Sud,-22.2745264,166.442419,"https://www.google.fr/maps/place/Noum%C3%A9a,+Nouvelle-Cal%C3%A9donie/@-22.2642742,166.4098474,13z/data=!3m1!4b1!4m5!3m4!1s0x6c27e2693f1a32cb:0x7bf1b22af312dd00!8m2!3d-22.2734912!4d166.4480887"
https://emploi.gouv.nc/offres/2020-06-004858,2020-06-004858,"""Comptable""","""OFFICE PLUS""",2020/06/02,"""Nouméa""","""Au moins 3 ans""","""Bac + 3, bac + 4""","""""",1,2020/06/02,"""CDI""",Sud,-22.2745264,166.442419,"https://www.google.fr/maps/place/Noum%C3%A9a,+Nouvelle-Cal%C3%A9donie/@-22.2642742,166.4098474,13z/data=!3m1!4b1!4m5!3m4!1s0x6c27e2693f1a32cb:0x7bf1b22af312dd00!8m2!3d-22.2734912!4d166.4480887"
https://emploi.gouv.nc/offres/2020-05-004837,2020-05-004837,"""Développeur / Développeuse full-stack""","""AGILESOFT.NC""",2020/05/28,"""Nouméa""","""Au moins 1 an""","""Bac + 3, bac + 4""","""""",1,2020/05/28,"""CDI""",Sud,-22.2745264,166.442419,"https://www.google.fr/maps/place/Noum%C3%A9a,+Nouvelle-Cal%C3%A9donie/@-22.2642742,166.4098474,13z/data=!3m1!4b1!4m5!3m4!1s0x6c27e2693f1a32cb:0x7bf1b22af312dd00!8m2!3d-22.2734912!4d166.4480887"
https://emploi.gouv.nc/offres/2020-05-004816,2020-05-004816,"""Infirmier coordinateur / Infirmière coordinatrice de soins infirmiers à domicile""","""HANDIPHARMA  / PERFUSION CONFORT/ SANTE CONFORT""",2020/05/25,"""Nouméa""","""Au moins 3 ans""","""""","""Diplôme d'Etat """,1,2020/05/25,"""CDD""",Sud,-22.2745264,166.442419,"https://www.google.fr/maps/place/Noum%C3%A9a,+Nouvelle-Cal%C3%A9donie/@-22.2642742,166.4098474,13z/data=!3m1!4b1!4m5!3m4!1s0x6c27e2693f1a32cb:0x7bf1b22af312dd00!8m2!3d-22.2734912!4d166.4480887"
https://emploi.gouv.nc/offres/2020-05-004684,2020-05-004684,"""Chargé / Chargée d'assistance""","""Anonyme""",2020/05/06,"""Nouméa""","""Aucune expérience professionnelle""","""Bac +2""","""""",1,2020/05/06,"""CDD évolutif""",Sud,-22.2745264,166.442419,"https://www.google.fr/maps/place/Noum%C3%A9a,+Nouvelle-Cal%C3%A9donie/@-22.2642742,166.4098474,13z/data=!3m1!4b1!4m5!3m4!1s0x6c27e2693f1a32cb:0x7bf1b22af312dd00!8m2!3d-22.2734912!4d166.4480887"
https://emploi.gouv.nc/offres/2020-05-004682,2020-05-004682,"""Assistant / Assistante paie""","""Anonyme""",2020/05/06,"""Nouméa""","""Au moins 1 an""","""Bac +2""","""""",1,2020/05/06,"""CDI""",Sud,-22.2745264,166.442419,"https://www.google.fr/maps/place/Noum%C3%A9a,+Nouvelle-Cal%C3%A9donie/@-22.2642742,166.4098474,13z/data=!3m1!4b1!4m5!3m4!1s0x6c27e2693f1a32cb:0x7bf1b22af312dd00!8m2!3d-22.2734912!4d166.4480887"
https://emploi.gouv.nc/offres/2020-05-004680,2020-05-004680,"""Technicien / Technicienne réseau informatique""","""ABI SHARP CENTER""",2020/05/05,"""Nouméa""","""Au moins 3 ans""","""Bac +2""","""""",1,2020/05/05,"""CDI""",Sud,-22.2745264,166.442419,"https://www.google.fr/maps/place/Noum%C3%A9a,+Nouvelle-Cal%C3%A9donie/@-22.2642742,166.4098474,13z/data=!3m1!4b1!4m5!3m4!1s0x6c27e2693f1a32cb:0x7bf1b22af312dd00!8m2!3d-22.2734912!4d166.4480887"
https://emploi.gouv.nc/offres/2020-04-004652,2020-04-004652,"""Conseiller commercial / Conseillère commerciale auprès des particuliers""","""SARL LCG""",2020/04/30,"""Mont Dore ()""","""Au moins 1 an""","""Bac, bac professionnel""","""""",1,2020/04/30,"""CDD évolutif""",,,,
https://emploi.gouv.nc/offres/2020-04-004651,2020-04-004651,"""Conseiller commercial / Conseillère commerciale auprès des particuliers""","""SARL LCG""",2020/04/30,"""Nouméa""","""Au moins 1 an""","""Bac, bac professionnel""","""""",5,2020/04/30,"""CDD évolutif""",Sud,-22.2745264,166.442419,"https://www.google.fr/maps/place/Noum%C3%A9a,+Nouvelle-Cal%C3%A9donie/@-22.2642742,166.4098474,13z/data=!3m1!4b1!4m5!3m4!1s0x6c27e2693f1a32cb:0x7bf1b22af312dd00!8m2!3d-22.2734912!4d166.4480887"
https://emploi.gouv.nc/offres/2020-04-004650,2020-04-004650,"""Conseiller commercial / Conseillère commerciale auprès des particuliers""","""SARL LCG""",2020/04/30,"""Dumbéa""","""Au moins 1 an""","""Bac, bac professionnel""","""""",2,2020/04/30,"""CDD évolutif""",Sud,-22.1676665,166.4580117,"https://www.google.fr/maps/place/Pa%C3%AFta,+Nouvelle-Cal%C3%A9donie/@-22.1317566,166.3477315,15z/data=!3m1!4b1!4m5!3m4!1s0x6c27f9584bb1dc5d:0xfe7856155b8c5d6b!8m2!3d-22.1311922!4d166.3579401"
https://emploi.gouv.nc/offres/2020-04-004630,2020-04-004630,"""Chauffeur / Chauffeuse de car""","""LYVAÏ TRANSPORTS""",2020/04/28,"""Nouméa""","""Au moins 1 an""","""Aucune formation scolaire""","""""",2,2020/04/28,"""CDD""",Sud,-22.2745264,166.442419,"https://www.google.fr/maps/place/Noum%C3%A9a,+Nouvelle-Cal%C3%A9donie/@-22.2642742,166.4098474,13z/data=!3m1!4b1!4m5!3m4!1s0x6c27e2693f1a32cb:0x7bf1b22af312dd00!8m2!3d-22.2734912!4d166.4480887"
https://emploi.gouv.nc/offres/2020-04-004608,2020-04-004608,"""Accompagnant / Accompagnante d'élèves en situation de handicap - AESH""",""" ASSOCIATION AVA""",2020/04/23,"""Nouméa""","""Moins d'1 an""","""Bac, bac professionnel""","""et BAC +2""",20,2020/04/24,"""CDI""",Sud,-22.2745264,166.442419,"https://www.google.fr/maps/place/Noum%C3%A9a,+Nouvelle-Cal%C3%A9donie/@-22.2642742,166.4098474,13z/data=!3m1!4b1!4m5!3m4!1s0x6c27e2693f1a32cb:0x7bf1b22af312dd00!8m2!3d-22.2734912!4d166.4480887"
https://emploi.gouv.nc/offres/2020-04-004596,2020-04-004596,"""Directeur / Directrice de grand magasin""",""" SARL DUTEX""",2020/04/22,"""Nouméa""","""Au moins 1 an""","""Bac + 3, bac + 4""","""""",1,2020/04/22,"""CDI""",Sud,-22.2745264,166.442419,"https://www.google.fr/maps/place/Noum%C3%A9a,+Nouvelle-Cal%C3%A9donie/@-22.2642742,166.4098474,13z/data=!3m1!4b1!4m5!3m4!1s0x6c27e2693f1a32cb:0x7bf1b22af312dd00!8m2!3d-22.2734912!4d166.4480887"
https://emploi.gouv.nc/offres/2020-04-004532,2020-04-004532,"""Agent / Agente d'exploitation en gardiennage""","""PROTECTION.NC""",2020/04/03,"""Nouméa""","""Aucune expérience professionnelle""","""Aucune formation scolaire""","""Carte professionnelle ASPQ""",15,2020/04/07,"""CDI""",Sud,-22.2745264,166.442419,"https://www.google.fr/maps/place/Noum%C3%A9a,+Nouvelle-Cal%C3%A9donie/@-22.2642742,166.4098474,13z/data=!3m1!4b1!4m5!3m4!1s0x6c27e2693f1a32cb:0x7bf1b22af312dd00!8m2!3d-22.2734912!4d166.4480887"
https://emploi.gouv.nc/offres/2020-02-004305,2020-02-004305,"""Chauffeur / Chauffeuse de poids lourd""","""Anonyme""",2020/02/28,"""Yaté""","""Au moins 3 ans""","""BEPC, 3ème achevée""","""""",1,2020/02/28,"""CDD""",Sud,-22.1593698,166.9442699,"https://www.google.fr/maps/place/Yat%C3%A9,+Nouvelle-Cal%C3%A9donie/@-22.1081683,166.6130656,11z/data=!3m1!4b1!4m5!3m4!1s0x6e82a8572601f66b:0xf4eccf212d959a83!8m2!3d-22.1254459!4d166.7798172"
https://emploi.gouv.nc/offres/2020-02-004230,2020-02-004230,"""Infirmier coordinateur / Infirmière coordinatrice en établissement de soins""",""" EAPAD LA CORDYLINE""",2020/02/20,"""Dumbéa""","""Au moins 3 ans""","""Bac + 3, bac + 4""","""DIPLOME IDE""",1,2020/02/20,"""CDI""",Sud,-22.1676665,166.4580117,"https://www.google.fr/maps/place/Pa%C3%AFta,+Nouvelle-Cal%C3%A9donie/@-22.1317566,166.3477315,15z/data=!3m1!4b1!4m5!3m4!1s0x6c27f9584bb1dc5d:0xfe7856155b8c5d6b!8m2!3d-22.1311922!4d166.3579401"
https://emploi.gouv.nc/offres/2020-02-004215,2020-02-004215,"""Technicien / Technicienne support client""","""Anonyme""",2020/02/19,"""Nouméa""","""Moins d'1 an""","""Bac +2""","""""",1,2020/02/19,"""CDD""",Sud,-22.2745264,166.442419,"https://www.google.fr/maps/place/Noum%C3%A9a,+Nouvelle-Cal%C3%A9donie/@-22.2642742,166.4098474,13z/data=!3m1!4b1!4m5!3m4!1s0x6c27e2693f1a32cb:0x7bf1b22af312dd00!8m2!3d-22.2734912!4d166.4480887"
https://emploi.gouv.nc/offres/2020-01-003858,2020-01-003858,"""Commis de cuisine tournant / Commise de cuisine tournante""","""SARL BOROME CREM""",2020/01/20,"""Nouméa""","""Au moins 1 an""","""CAP, BEP""","""""",1,2020/01/20,"""CDD""",Sud,-22.2745264,166.442419,"https://www.google.fr/maps/place/Noum%C3%A9a,+Nouvelle-Cal%C3%A9donie/@-22.2642742,166.4098474,13z/data=!3m1!4b1!4m5!3m4!1s0x6c27e2693f1a32cb:0x7bf1b22af312dd00!8m2!3d-22.2734912!4d166.4480887"
https://emploi.gouv.nc/offres/2019-12-003651,2019-12-003651,"""Ingénieur informaticien / Ingénieure informaticienne""",""" DEVEO.NC""",2019/12/27,"""Nouméa""","""Au moins 1 an""","""Bac + 5 et plus ""","""""",1,2019/12/27,"""CDI""",Sud,-22.2745264,166.442419,"https://www.google.fr/maps/place/Noum%C3%A9a,+Nouvelle-Cal%C3%A9donie/@-22.2642742,166.4098474,13z/data=!3m1!4b1!4m5!3m4!1s0x6c27e2693f1a32cb:0x7bf1b22af312dd00!8m2!3d-22.2734912!4d166.4480887"
https://emploi.gouv.nc/offres/2019-11-003138,2019-11-003138,"""Collaborateur / Collaboratrice d'expertise comptable""",""" BDO NC""",2019/11/06,"""Nouméa""","""Au moins 1 an""","""Bac + 3, bac + 4""","""DCG""",1,2019/11/06,"""CDI""",Sud,-22.2745264,166.442419,"https://www.google.fr/maps/place/Noum%C3%A9a,+Nouvelle-Cal%C3%A9donie/@-22.2642742,166.4098474,13z/data=!3m1!4b1!4m5!3m4!1s0x6c27e2693f1a32cb:0x7bf1b22af312dd00!8m2!3d-22.2734912!4d166.4480887"
